"Country or Area Code","Country or Area","Year(s)","Variant","Value"
"4","Afghanistan","2015","Medium","67.868"
"4","Afghanistan","2010","Medium","81.042"
"4","Afghanistan","2005","Medium","100.008"
"4","Afghanistan","2000","Medium","119.645"
"4","Afghanistan","1995","Medium","137.856"
"4","Afghanistan","1990","Medium","160.542"
"4","Afghanistan","1985","Medium","191.302"
"4","Afghanistan","1980","Medium","224.651"
"4","Afghanistan","1975","Medium","256.962"
"4","Afghanistan","1970","Medium","286.63"
"8","Albania","2015","Medium","11.369"
"8","Albania","2010","Medium","13.104"
"8","Albania","2005","Medium","18.721"
"8","Albania","2000","Medium","25.647"
"8","Albania","1995","Medium","30.864"
"8","Albania","1990","Medium","37.087"
"8","Albania","1985","Medium","45.678"
"8","Albania","1980","Medium","52.521"
"8","Albania","1975","Medium","57.679"
"8","Albania","1970","Medium","72.772"
"12","Algeria","2015","Medium","24.663"
"12","Algeria","2010","Medium","28.881"
"12","Algeria","2005","Medium","34.397"
"12","Algeria","2000","Medium","40.836"
"12","Algeria","1995","Medium","47.245"
"12","Algeria","1990","Medium","54.356"
"12","Algeria","1985","Medium","71.479"
"12","Algeria","1980","Medium","103.452"
"12","Algeria","1975","Medium","156.613"
"12","Algeria","1970","Medium","188.135"
"24","Angola","2015","Medium","80.889"
"24","Angola","2010","Medium","106.391"
"24","Angola","2005","Medium","148.491"
"24","Angola","2000","Medium","192.246"
"24","Angola","1995","Medium","217.635"
"24","Angola","1990","Medium","223.319"
"24","Angola","1985","Medium","224.003"
"24","Angola","1980","Medium","230.608"
"24","Angola","1975","Medium","242.114"
"24","Angola","1970","Medium","258.637"
"28","Antigua and Barbuda","2015","Medium","7.251"
"28","Antigua and Barbuda","2010","Medium","8.868"
"28","Antigua and Barbuda","2005","Medium","10.889"
"28","Antigua and Barbuda","2000","Medium","13.345"
"28","Antigua and Barbuda","1995","Medium","17.016"
"28","Antigua and Barbuda","1990","Medium","22.695"
"28","Antigua and Barbuda","1985","Medium","30.618"
"28","Antigua and Barbuda","1980","Medium","38.043"
"28","Antigua and Barbuda","1975","Medium","43.112"
"28","Antigua and Barbuda","1970","Medium","48.179"
"32","Argentina","2015","Medium","11.862"
"32","Argentina","2010","Medium","14.017"
"32","Argentina","2005","Medium","16.558"
"32","Argentina","2000","Medium","19.557"
"32","Argentina","1995","Medium","23.092"
"32","Argentina","1990","Medium","27.244"
"32","Argentina","1985","Medium","31.923"
"32","Argentina","1980","Medium","37.417"
"32","Argentina","1975","Medium","46.189"
"32","Argentina","1970","Medium","57.544"
"51","Armenia","2015","Medium","13.173"
"51","Armenia","2010","Medium","16.174"
"51","Armenia","2005","Medium","23.711"
"51","Armenia","2000","Medium","30.289"
"51","Armenia","1995","Medium","40.113"
"51","Armenia","1990","Medium","52.675"
"51","Armenia","1985","Medium","56.223"
"51","Armenia","1980","Medium","57.813"
"51","Armenia","1975","Medium","62.983"
"51","Armenia","1970","Medium","67.592"
"533","Aruba","2015","Medium","15.784"
"533","Aruba","2010","Medium","17.175"
"533","Aruba","2005","Medium","18.843"
"533","Aruba","2000","Medium","20.786"
"533","Aruba","1995","Medium","21.453"
"533","Aruba","1990","Medium","22.276"
"533","Aruba","1985","Medium","22.82"
"533","Aruba","1980","Medium","24.115"
"533","Aruba","1975","Medium","29.242"
"533","Aruba","1970","Medium","35.315"
"36","Australia","2015","Medium","3.677"
"36","Australia","2010","Medium","4.307"
"36","Australia","2005","Medium","5.233"
"36","Australia","2000","Medium","5.974"
"36","Australia","1995","Medium","6.778"
"36","Australia","1990","Medium","7.968"
"36","Australia","1985","Medium","10.399"
"36","Australia","1980","Medium","12.08"
"36","Australia","1975","Medium","14.787"
"36","Australia","1970","Medium","19.732"
"40","Austria","2015","Medium","3.712"
"40","Austria","2010","Medium","3.968"
"40","Austria","2005","Medium","4.556"
"40","Austria","2000","Medium","5.336"
"40","Austria","1995","Medium","5.868"
"40","Austria","1990","Medium","8.319"
"40","Austria","1985","Medium","10.833"
"40","Austria","1980","Medium","14.38"
"40","Austria","1975","Medium","19.054"
"40","Austria","1970","Medium","27.249"
"31","Azerbaijan","2015","Medium","25.233"
"31","Azerbaijan","2010","Medium","35.844"
"31","Azerbaijan","2005","Medium","47.947"
"31","Azerbaijan","2000","Medium","65.533"
"31","Azerbaijan","1995","Medium","79.299"
"31","Azerbaijan","1990","Medium","99.799"
"31","Azerbaijan","1985","Medium","111.069"
"31","Azerbaijan","1980","Medium","119.48"
"31","Azerbaijan","1975","Medium","123.037"
"31","Azerbaijan","1970","Medium","125.395"
"44","Bahamas","2015","Medium","7.194"
"44","Bahamas","2010","Medium","9.714"
"44","Bahamas","2005","Medium","13.58"
"44","Bahamas","2000","Medium","15.706"
"44","Bahamas","1995","Medium","17.025"
"44","Bahamas","1990","Medium","21.094"
"44","Bahamas","1985","Medium","25.925"
"44","Bahamas","1980","Medium","28.779"
"44","Bahamas","1975","Medium","31.2"
"44","Bahamas","1970","Medium","31.715"
"48","Bahrain","2015","Medium","7.625"
"48","Bahrain","2010","Medium","8.796"
"48","Bahrain","2005","Medium","10.429"
"48","Bahrain","2000","Medium","12.34"
"48","Bahrain","1995","Medium","14.919"
"48","Bahrain","1990","Medium","18.266"
"48","Bahrain","1985","Medium","21.311"
"48","Bahrain","1980","Medium","26.712"
"48","Bahrain","1975","Medium","40.306"
"48","Bahrain","1970","Medium","64.287"
"50","Bangladesh","2015","Medium","32.402"
"50","Bangladesh","2010","Medium","41.007"
"50","Bangladesh","2005","Medium","55.564"
"50","Bangladesh","2000","Medium","74.115"
"50","Bangladesh","1995","Medium","97.516"
"50","Bangladesh","1990","Medium","125.684"
"50","Bangladesh","1985","Medium","155.602"
"50","Bangladesh","1980","Medium","183.968"
"50","Bangladesh","1975","Medium","206.574"
"50","Bangladesh","1970","Medium","250.672"
"52","Barbados","2015","Medium","12.101"
"52","Barbados","2010","Medium","13.802"
"52","Barbados","2005","Medium","15.133"
"52","Barbados","2000","Medium","15.59"
"52","Barbados","1995","Medium","14.827"
"52","Barbados","1990","Medium","16.165"
"52","Barbados","1985","Medium","19.967"
"52","Barbados","1980","Medium","24.339"
"52","Barbados","1975","Medium","31.953"
"52","Barbados","1970","Medium","42.221"
"112","Belarus","2015","Medium","3.842"
"112","Belarus","2010","Medium","4.465"
"112","Belarus","2005","Medium","8.107"
"112","Belarus","2000","Medium","12.167"
"112","Belarus","1995","Medium","18.033"
"112","Belarus","1990","Medium","18.176"
"112","Belarus","1985","Medium","19.76"
"112","Belarus","1980","Medium","23.021"
"112","Belarus","1975","Medium","26.294"
"112","Belarus","1970","Medium","26.15"
"56","Belgium","2015","Medium","3.489"
"56","Belgium","2010","Medium","4.25"
"56","Belgium","2005","Medium","4.719"
"56","Belgium","2000","Medium","5.297"
"56","Belgium","1995","Medium","6.404"
"56","Belgium","1990","Medium","9.122"
"56","Belgium","1985","Medium","10.733"
"56","Belgium","1980","Medium","12.871"
"56","Belgium","1975","Medium","16.31"
"56","Belgium","1970","Medium","21.478"
"84","Belize","2015","Medium","14.891"
"84","Belize","2010","Medium","17.427"
"84","Belize","2005","Medium","20.274"
"84","Belize","2000","Medium","23.855"
"84","Belize","1995","Medium","27.415"
"84","Belize","1990","Medium","36.522"
"84","Belize","1985","Medium","43.327"
"84","Belize","1980","Medium","50.059"
"84","Belize","1975","Medium","64.228"
"84","Belize","1970","Medium","76.311"
"204","Benin","2015","Medium","95.669"
"204","Benin","2010","Medium","105.676"
"204","Benin","2005","Medium","117.893"
"204","Benin","2000","Medium","135.081"
"204","Benin","1995","Medium","152.054"
"204","Benin","1990","Medium","168.591"
"204","Benin","1985","Medium","189.82"
"204","Benin","1980","Medium","208.361"
"204","Benin","1975","Medium","228.99"
"204","Benin","1970","Medium","254.928"
"64","Bhutan","2015","Medium","29.596"
"64","Bhutan","2010","Medium","37.326"
"64","Bhutan","2005","Medium","50.027"
"64","Bhutan","2000","Medium","68.602"
"64","Bhutan","1995","Medium","100.089"
"64","Bhutan","1990","Medium","124.793"
"64","Bhutan","1985","Medium","153.53"
"64","Bhutan","1980","Medium","184.249"
"64","Bhutan","1975","Medium","219.361"
"64","Bhutan","1970","Medium","247.16"
"68","Bolivia (Plurinational State of)","2015","Medium","48.713"
"68","Bolivia (Plurinational State of)","2010","Medium","54.56"
"68","Bolivia (Plurinational State of)","2005","Medium","70.11"
"68","Bolivia (Plurinational State of)","2000","Medium","86.202"
"68","Bolivia (Plurinational State of)","1995","Medium","110.565"
"68","Bolivia (Plurinational State of)","1990","Medium","139.056"
"68","Bolivia (Plurinational State of)","1985","Medium","166.169"
"68","Bolivia (Plurinational State of)","1980","Medium","191.775"
"68","Bolivia (Plurinational State of)","1975","Medium","215.687"
"68","Bolivia (Plurinational State of)","1970","Medium","237.718"
"70","Bosnia and Herzegovina","2015","Medium","6.768"
"70","Bosnia and Herzegovina","2010","Medium","7.788"
"70","Bosnia and Herzegovina","2005","Medium","10.634"
"70","Bosnia and Herzegovina","2000","Medium","11.81"
"70","Bosnia and Herzegovina","1995","Medium","12.999"
"70","Bosnia and Herzegovina","1990","Medium","21.508"
"70","Bosnia and Herzegovina","1985","Medium","20.758"
"70","Bosnia and Herzegovina","1980","Medium","29.97"
"70","Bosnia and Herzegovina","1975","Medium","38.931"
"70","Bosnia and Herzegovina","1970","Medium","55.369"
"72","Botswana","2015","Medium","37.97"
"72","Botswana","2010","Medium","45.081"
"72","Botswana","2005","Medium","60.557"
"72","Botswana","2000","Medium","81.937"
"72","Botswana","1995","Medium","79.795"
"72","Botswana","1990","Medium","59.339"
"72","Botswana","1985","Medium","51.249"
"72","Botswana","1980","Medium","62.399"
"72","Botswana","1975","Medium","82.573"
"72","Botswana","1970","Medium","107.564"
"76","Brazil","2015","Medium","15.249"
"76","Brazil","2010","Medium","18.412"
"76","Brazil","2005","Medium","24.48"
"76","Brazil","2000","Medium","34.16"
"76","Brazil","1995","Medium","41.186"
"76","Brazil","1990","Medium","51.038"
"76","Brazil","1985","Medium","66.586"
"76","Brazil","1980","Medium","86.505"
"76","Brazil","1975","Medium","103.512"
"76","Brazil","1970","Medium","117.963"
"96","Brunei Darussalam","2015","Medium","10.13"
"96","Brunei Darussalam","2010","Medium","10.545"
"96","Brunei Darussalam","2005","Medium","11.041"
"96","Brunei Darussalam","2000","Medium","11.704"
"96","Brunei Darussalam","1995","Medium","12.095"
"96","Brunei Darussalam","1990","Medium","13.13"
"96","Brunei Darussalam","1985","Medium","13.842"
"96","Brunei Darussalam","1980","Medium","16.923"
"96","Brunei Darussalam","1975","Medium","29.782"
"96","Brunei Darussalam","1970","Medium","44.888"
"100","Bulgaria","2015","Medium","7.457"
"100","Bulgaria","2010","Medium","9.908"
"100","Bulgaria","2005","Medium","11.523"
"100","Bulgaria","2000","Medium","15.377"
"100","Bulgaria","1995","Medium","19.091"
"100","Bulgaria","1990","Medium","19.234"
"100","Bulgaria","1985","Medium","17.998"
"100","Bulgaria","1980","Medium","21.557"
"100","Bulgaria","1975","Medium","26.117"
"100","Bulgaria","1970","Medium","29.75"
"854","Burkina Faso","2015","Medium","83.716"
"854","Burkina Faso","2010","Medium","99.627"
"854","Burkina Faso","2005","Medium","135.346"
"854","Burkina Faso","2000","Medium","172.96"
"854","Burkina Faso","1995","Medium","190.291"
"854","Burkina Faso","1990","Medium","203.823"
"854","Burkina Faso","1985","Medium","212.311"
"854","Burkina Faso","1980","Medium","228.913"
"854","Burkina Faso","1975","Medium","258.371"
"854","Burkina Faso","1970","Medium","282.692"
"108","Burundi","2015","Medium","62.508"
"108","Burundi","2010","Medium","78.338"
"108","Burundi","2005","Medium","111.862"
"108","Burundi","2000","Medium","143.05"
"108","Burundi","1995","Medium","173.073"
"108","Burundi","1990","Medium","181.548"
"108","Burundi","1985","Medium","170.534"
"108","Burundi","1980","Medium","197.021"
"108","Burundi","1975","Medium","218.559"
"108","Burundi","1970","Medium","230.591"
"132","Cabo Verde","2015","Medium","20.365"
"132","Cabo Verde","2010","Medium","24.93"
"132","Cabo Verde","2005","Medium","27.877"
"132","Cabo Verde","2000","Medium","29.832"
"132","Cabo Verde","1995","Medium","46.099"
"132","Cabo Verde","1990","Medium","59.385"
"132","Cabo Verde","1985","Medium","70.001"
"132","Cabo Verde","1980","Medium","81.782"
"132","Cabo Verde","1975","Medium","94.518"
"132","Cabo Verde","1970","Medium","134.321"
"116","Cambodia","2015","Medium","27.521"
"116","Cambodia","2010","Medium","34.964"
"116","Cambodia","2005","Medium","53.733"
"116","Cambodia","2000","Medium","84.669"
"116","Cambodia","1995","Medium","119.093"
"116","Cambodia","1990","Medium","118.409"
"116","Cambodia","1985","Medium","118.424"
"116","Cambodia","1980","Medium","203.392"
"116","Cambodia","1975","Medium","460.891"
"116","Cambodia","1970","Medium","206.744"
"120","Cameroon","2015","Medium","88.285"
"120","Cameroon","2010","Medium","104.388"
"120","Cameroon","2005","Medium","120.652"
"120","Cameroon","2000","Medium","140.395"
"120","Cameroon","1995","Medium","164.646"
"120","Cameroon","1990","Medium","158.428"
"120","Cameroon","1985","Medium","152.662"
"120","Cameroon","1980","Medium","161.019"
"120","Cameroon","1975","Medium","178.019"
"120","Cameroon","1970","Medium","201.484"
"124","Canada","2015","Medium","5.088"
"124","Canada","2010","Medium","5.281"
"124","Canada","2005","Medium","5.871"
"124","Canada","2000","Medium","6.164"
"124","Canada","1995","Medium","6.431"
"124","Canada","1990","Medium","7.492"
"124","Canada","1985","Medium","9.048"
"124","Canada","1980","Medium","10.896"
"124","Canada","1975","Medium","14.754"
"124","Canada","1970","Medium","19.437"
"140","Central African Republic","2015","Medium","121.851"
"140","Central African Republic","2010","Medium","142.073"
"140","Central African Republic","2005","Medium","161.302"
"140","Central African Republic","2000","Medium","172.085"
"140","Central African Republic","1995","Medium","177.657"
"140","Central African Republic","1990","Medium","176.173"
"140","Central African Republic","1985","Medium","176.62"
"140","Central African Republic","1980","Medium","180.377"
"140","Central African Republic","1975","Medium","199.771"
"140","Central African Republic","1970","Medium","233.418"
"148","Chad","2015","Medium","122.927"
"148","Chad","2010","Medium","137.374"
"148","Chad","2005","Medium","162.038"
"148","Chad","2000","Medium","178.044"
"148","Chad","1995","Medium","188.749"
"148","Chad","1990","Medium","197.898"
"148","Chad","1985","Medium","205.215"
"148","Chad","1980","Medium","218.459"
"148","Chad","1975","Medium","230.823"
"148","Chad","1970","Medium","245.721"
"152","Chile","2015","Medium","7.731"
"152","Chile","2010","Medium","8.468"
"152","Chile","2005","Medium","9.34"
"152","Chile","2000","Medium","10.28"
"152","Chile","1995","Medium","13.467"
"152","Chile","1990","Medium","16.862"
"152","Chile","1985","Medium","21.544"
"152","Chile","1980","Medium","29.244"
"152","Chile","1975","Medium","51.838"
"152","Chile","1970","Medium","77.855"
"156","China","2015","Medium","11.533"
"156","China","2010","Medium","14.268"
"156","China","2005","Medium","21.18"
"156","China","2000","Medium","32.551"
"156","China","1995","Medium","43.418"
"156","China","1990","Medium","50.979"
"156","China","1985","Medium","53.5"
"156","China","1980","Medium","57.018"
"156","China","1975","Medium","73.312"
"156","China","1970","Medium","99.814"
"344","China, Hong Kong SAR","2015","Medium","2.106"
"344","China, Hong Kong SAR","2010","Medium","2.531"
"344","China, Hong Kong SAR","2005","Medium","2.975"
"344","China, Hong Kong SAR","2000","Medium","3.587"
"344","China, Hong Kong SAR","1995","Medium","4.852"
"344","China, Hong Kong SAR","1990","Medium","6.337"
"344","China, Hong Kong SAR","1985","Medium","8.683"
"344","China, Hong Kong SAR","1980","Medium","11.499"
"344","China, Hong Kong SAR","1975","Medium","15.755"
"344","China, Hong Kong SAR","1970","Medium","20.438"
"446","China, Macao SAR","2015","Medium","3.532"
"446","China, Macao SAR","2010","Medium","4.123"
"446","China, Macao SAR","2005","Medium","5.17"
"446","China, Macao SAR","2000","Medium","6.663"
"446","China, Macao SAR","1995","Medium","8.614"
"446","China, Macao SAR","1990","Medium","11.71"
"446","China, Macao SAR","1985","Medium","15.202"
"446","China, Macao SAR","1980","Medium","19.926"
"446","China, Macao SAR","1975","Medium","25.829"
"446","China, Macao SAR","1970","Medium","34.774"
"158","Other non-specified areas","2015","Medium","4.651"
"158","Other non-specified areas","2010","Medium","5.296"
"158","Other non-specified areas","2005","Medium","6.518"
"158","Other non-specified areas","2000","Medium","7.787"
"158","Other non-specified areas","1995","Medium","9.146"
"158","Other non-specified areas","1990","Medium","8.274"
"158","Other non-specified areas","1985","Medium","9.389"
"158","Other non-specified areas","1980","Medium","13.09"
"158","Other non-specified areas","1975","Medium","17.103"
"158","Other non-specified areas","1970","Medium","23.372"
"170","Colombia","2015","Medium","14.762"
"170","Colombia","2010","Medium","16.907"
"170","Colombia","2005","Medium","19.852"
"170","Colombia","2000","Medium","22.991"
"170","Colombia","1995","Medium","26.817"
"170","Colombia","1990","Medium","31.974"
"170","Colombia","1985","Medium","37.802"
"170","Colombia","1980","Medium","48.238"
"170","Colombia","1975","Medium","66.066"
"170","Colombia","1970","Medium","86.175"
"174","Comoros","2015","Medium","70.042"
"174","Comoros","2010","Medium","77.811"
"174","Comoros","2005","Medium","91.308"
"174","Comoros","2000","Medium","100.522"
"174","Comoros","1995","Medium","102.854"
"174","Comoros","1990","Medium","113.764"
"174","Comoros","1985","Medium","133.381"
"174","Comoros","1980","Medium","158.093"
"174","Comoros","1975","Medium","187"
"174","Comoros","1970","Medium","207.655"
"178","Congo","2015","Medium","47.531"
"178","Congo","2010","Medium","57.904"
"178","Congo","2005","Medium","75.177"
"178","Congo","2000","Medium","107.26"
"178","Congo","1995","Medium","112.615"
"178","Congo","1990","Medium","95.745"
"178","Congo","1985","Medium","89.58"
"178","Congo","1980","Medium","100.784"
"178","Congo","1975","Medium","116.546"
"178","Congo","1970","Medium","133.688"
"188","Costa Rica","2015","Medium","9.15"
"188","Costa Rica","2010","Medium","11.366"
"188","Costa Rica","2005","Medium","12.281"
"188","Costa Rica","2000","Medium","13.451"
"188","Costa Rica","1995","Medium","15.143"
"188","Costa Rica","1990","Medium","17.512"
"188","Costa Rica","1985","Medium","20.532"
"188","Costa Rica","1980","Medium","26.928"
"188","Costa Rica","1975","Medium","43.164"
"188","Costa Rica","1970","Medium","71.785"
"384","Côte d'Ivoire","2015","Medium","87.05"
"384","Côte d'Ivoire","2010","Medium","100.399"
"384","Côte d'Ivoire","2005","Medium","119.364"
"384","Côte d'Ivoire","2000","Medium","136.023"
"384","Côte d'Ivoire","1995","Medium","151.679"
"384","Côte d'Ivoire","1990","Medium","151.661"
"384","Côte d'Ivoire","1985","Medium","154.626"
"384","Côte d'Ivoire","1980","Medium","163.609"
"384","Côte d'Ivoire","1975","Medium","183.539"
"384","Côte d'Ivoire","1970","Medium","215.094"
"191","Croatia","2015","Medium","4.572"
"191","Croatia","2010","Medium","5.01"
"191","Croatia","2005","Medium","6.817"
"191","Croatia","2000","Medium","7.595"
"191","Croatia","1995","Medium","8.229"
"191","Croatia","1990","Medium","11.866"
"191","Croatia","1985","Medium","15.467"
"191","Croatia","1980","Medium","20.768"
"191","Croatia","1975","Medium","24.615"
"191","Croatia","1970","Medium","28.355"
"192","Cuba","2015","Medium","5.572"
"192","Cuba","2010","Medium","5.971"
"192","Cuba","2005","Medium","6.645"
"192","Cuba","2000","Medium","7.737"
"192","Cuba","1995","Medium","10.419"
"192","Cuba","1990","Medium","13.957"
"192","Cuba","1985","Medium","16.847"
"192","Cuba","1980","Medium","21.424"
"192","Cuba","1975","Medium","27.13"
"192","Cuba","1970","Medium","43.655"
"531","Curaçao","2015","Medium","10.76"
"531","Curaçao","2010","Medium","12.19"
"531","Curaçao","2005","Medium","15.375"
"531","Curaçao","2000","Medium","17.396"
"531","Curaçao","1995","Medium","18.057"
"531","Curaçao","1990","Medium","17.463"
"531","Curaçao","1985","Medium","19.739"
"531","Curaçao","1980","Medium","21.031"
"531","Curaçao","1975","Medium","25.898"
"531","Curaçao","1970","Medium","33.491"
"196","Cyprus","2015","Medium","4.203"
"196","Cyprus","2010","Medium","4.983"
"196","Cyprus","2005","Medium","5.18"
"196","Cyprus","2000","Medium","6.647"
"196","Cyprus","1995","Medium","8.518"
"196","Cyprus","1990","Medium","10.932"
"196","Cyprus","1985","Medium","14.027"
"196","Cyprus","1980","Medium","17.967"
"196","Cyprus","1975","Medium","23.016"
"196","Cyprus","1970","Medium","29.476"
"203","Czechia","2015","Medium","2.802"
"203","Czechia","2010","Medium","3.127"
"203","Czechia","2005","Medium","3.821"
"203","Czechia","2000","Medium","4.929"
"203","Czechia","1995","Medium","6.753"
"203","Czechia","1990","Medium","10.657"
"203","Czechia","1985","Medium","13.15"
"203","Czechia","1980","Medium","16.474"
"203","Czechia","1975","Medium","19.693"
"203","Czechia","1970","Medium","22.884"
"408","Dem. People's Republic of Korea","2015","Medium","18.444"
"408","Dem. People's Republic of Korea","2010","Medium","24.363"
"408","Dem. People's Republic of Korea","2005","Medium","34.585"
"408","Dem. People's Republic of Korea","2000","Medium","36.321"
"408","Dem. People's Republic of Korea","1995","Medium","80.148"
"408","Dem. People's Republic of Korea","1990","Medium","56.367"
"408","Dem. People's Republic of Korea","1985","Medium","34.782"
"408","Dem. People's Republic of Korea","1980","Medium","40.186"
"408","Dem. People's Republic of Korea","1975","Medium","47.92"
"408","Dem. People's Republic of Korea","1970","Medium","61.734"
"180","Democratic Republic of the Congo","2015","Medium","100.473"
"180","Democratic Republic of the Congo","2010","Medium","115.095"
"180","Democratic Republic of the Congo","2005","Medium","134.276"
"180","Democratic Republic of the Congo","2000","Medium","163.028"
"180","Democratic Republic of the Congo","1995","Medium","188.242"
"180","Democratic Republic of the Congo","1990","Medium","182.21"
"180","Democratic Republic of the Congo","1985","Medium","194.151"
"180","Democratic Republic of the Congo","1980","Medium","204.396"
"180","Democratic Republic of the Congo","1975","Medium","218.118"
"180","Democratic Republic of the Congo","1970","Medium","225.839"
"208","Denmark","2015","Medium","3.643"
"208","Denmark","2010","Medium","4.094"
"208","Denmark","2005","Medium","4.402"
"208","Denmark","2000","Medium","5.503"
"208","Denmark","1995","Medium","6.032"
"208","Denmark","1990","Medium","7.621"
"208","Denmark","1985","Medium","9.749"
"208","Denmark","1980","Medium","9.596"
"208","Denmark","1975","Medium","11.004"
"208","Denmark","1970","Medium","14.483"
"262","Djibouti","2015","Medium","50.9"
"262","Djibouti","2010","Medium","83.883"
"262","Djibouti","2005","Medium","97.48"
"262","Djibouti","2000","Medium","105.509"
"262","Djibouti","1995","Medium","112.013"
"262","Djibouti","1990","Medium","119.921"
"262","Djibouti","1985","Medium","129.429"
"262","Djibouti","1980","Medium","140.47"
"262","Djibouti","1975","Medium","157.142"
"262","Djibouti","1970","Medium","170.955"
"214","Dominican Republic","2015","Medium","28.866"
"214","Dominican Republic","2010","Medium","30.615"
"214","Dominican Republic","2005","Medium","32.787"
"214","Dominican Republic","2000","Medium","38.374"
"214","Dominican Republic","1995","Medium","46.388"
"214","Dominican Republic","1990","Medium","56.366"
"214","Dominican Republic","1985","Medium","71.297"
"214","Dominican Republic","1980","Medium","85.966"
"214","Dominican Republic","1975","Medium","104.085"
"214","Dominican Republic","1970","Medium","129.935"
"218","Ecuador","2015","Medium","16.314"
"218","Ecuador","2010","Medium","18.452"
"218","Ecuador","2005","Medium","23.739"
"218","Ecuador","2000","Medium","30.23"
"218","Ecuador","1995","Medium","40.29"
"218","Ecuador","1990","Medium","52.579"
"218","Ecuador","1985","Medium","67.727"
"218","Ecuador","1980","Medium","86.847"
"218","Ecuador","1975","Medium","109.752"
"218","Ecuador","1970","Medium","129.686"
"818","Egypt","2015","Medium","19.928"
"818","Egypt","2010","Medium","24.18"
"818","Egypt","2005","Medium","30.029"
"818","Egypt","2000","Medium","38.242"
"818","Egypt","1995","Medium","48.711"
"818","Egypt","1990","Medium","80.349"
"818","Egypt","1985","Medium","102.152"
"818","Egypt","1980","Medium","149.012"
"818","Egypt","1975","Medium","188.637"
"818","Egypt","1970","Medium","237.676"
"222","El Salvador","2015","Medium","16.89"
"222","El Salvador","2010","Medium","20.512"
"222","El Salvador","2005","Medium","25.02"
"222","El Salvador","2000","Medium","27.891"
"222","El Salvador","1995","Medium","35.443"
"222","El Salvador","1990","Medium","52.992"
"222","El Salvador","1985","Medium","89.118"
"222","El Salvador","1980","Medium","124.689"
"222","El Salvador","1975","Medium","147.071"
"222","El Salvador","1970","Medium","162.451"
"226","Equatorial Guinea","2015","Medium","93.78"
"226","Equatorial Guinea","2010","Medium","108.575"
"226","Equatorial Guinea","2005","Medium","126.218"
"226","Equatorial Guinea","2000","Medium","143.486"
"226","Equatorial Guinea","1995","Medium","162.434"
"226","Equatorial Guinea","1990","Medium","183.898"
"226","Equatorial Guinea","1985","Medium","203.294"
"226","Equatorial Guinea","1980","Medium","218.447"
"226","Equatorial Guinea","1975","Medium","250.705"
"226","Equatorial Guinea","1970","Medium","265.376"
"232","Eritrea","2015","Medium","44.289"
"232","Eritrea","2010","Medium","57.402"
"232","Eritrea","2005","Medium","67.984"
"232","Eritrea","2000","Medium","80.788"
"232","Eritrea","1995","Medium","107.361"
"232","Eritrea","1990","Medium","144.494"
"232","Eritrea","1985","Medium","168.029"
"232","Eritrea","1980","Medium","184.256"
"232","Eritrea","1975","Medium","202.215"
"232","Eritrea","1970","Medium","223.883"
"233","Estonia","2015","Medium","2.642"
"233","Estonia","2010","Medium","4.276"
"233","Estonia","2005","Medium","6.038"
"233","Estonia","2000","Medium","9.221"
"233","Estonia","1995","Medium","14.921"
"233","Estonia","1990","Medium","19.833"
"233","Estonia","1985","Medium","22.012"
"233","Estonia","1980","Medium","25.006"
"233","Estonia","1975","Medium","26.385"
"233","Estonia","1970","Medium","25.589"
"748","Eswatini","2015","Medium","54.415"
"748","Eswatini","2010","Medium","70.93"
"748","Eswatini","2005","Medium","111.013"
"748","Eswatini","2000","Medium","130.639"
"748","Eswatini","1995","Medium","109.796"
"748","Eswatini","1990","Medium","75.526"
"748","Eswatini","1985","Medium","74.689"
"748","Eswatini","1980","Medium","101.255"
"748","Eswatini","1975","Medium","136.04"
"748","Eswatini","1970","Medium","170.988"
"231","Ethiopia","2015","Medium","54.877"
"231","Ethiopia","2010","Medium","67.906"
"231","Ethiopia","2005","Medium","91.198"
"231","Ethiopia","2000","Medium","122.57"
"231","Ethiopia","1995","Medium","155.585"
"231","Ethiopia","1990","Medium","190.405"
"231","Ethiopia","1985","Medium","212.321"
"231","Ethiopia","1980","Medium","236.667"
"231","Ethiopia","1975","Medium","230.32"
"231","Ethiopia","1970","Medium","236.986"
"242","Fiji","2015","Medium","24.62"
"242","Fiji","2010","Medium","24.157"
"242","Fiji","2005","Medium","23.701"
"242","Fiji","2000","Medium","22.722"
"242","Fiji","1995","Medium","23.794"
"242","Fiji","1990","Medium","26.766"
"242","Fiji","1985","Medium","32.029"
"242","Fiji","1980","Medium","39.381"
"242","Fiji","1975","Medium","49.499"
"242","Fiji","1970","Medium","55.81"
"246","Finland","2015","Medium","2.189"
"246","Finland","2010","Medium","2.679"
"246","Finland","2005","Medium","3.38"
"246","Finland","2000","Medium","3.985"
"246","Finland","1995","Medium","4.681"
"246","Finland","1990","Medium","5.913"
"246","Finland","1985","Medium","7.164"
"246","Finland","1980","Medium","7.712"
"246","Finland","1975","Medium","10.409"
"246","Finland","1970","Medium","14.126"
"250","France","2015","Medium","3.627"
"250","France","2010","Medium","4.154"
"250","France","2005","Medium","4.491"
"250","France","2000","Medium","5.127"
"250","France","1995","Medium","5.76"
"250","France","1990","Medium","7.91"
"250","France","1985","Medium","9.579"
"250","France","1980","Medium","11.37"
"250","France","1975","Medium","13.99"
"250","France","1970","Medium","18.748"
"254","French Guiana","2015","Medium","10.052"
"254","French Guiana","2010","Medium","10.533"
"254","French Guiana","2005","Medium","12.186"
"254","French Guiana","2000","Medium","15.307"
"254","French Guiana","1995","Medium","19.737"
"254","French Guiana","1990","Medium","24.414"
"254","French Guiana","1985","Medium","30.209"
"254","French Guiana","1980","Medium","38.857"
"254","French Guiana","1975","Medium","53.602"
"254","French Guiana","1970","Medium","58.06"
"258","French Polynesia","2015","Medium","7.225"
"258","French Polynesia","2010","Medium","7.579"
"258","French Polynesia","2005","Medium","9.602"
"258","French Polynesia","2000","Medium","10.243"
"258","French Polynesia","1995","Medium","11.41"
"258","French Polynesia","1990","Medium","19.672"
"258","French Polynesia","1985","Medium","21.526"
"258","French Polynesia","1980","Medium","37.294"
"258","French Polynesia","1975","Medium","62.304"
"258","French Polynesia","1970","Medium","75.741"
"266","Gabon","2015","Medium","47.942"
"266","Gabon","2010","Medium","57.702"
"266","Gabon","2005","Medium","71.41"
"266","Gabon","2000","Medium","86.187"
"266","Gabon","1995","Medium","88.01"
"266","Gabon","1990","Medium","90.739"
"266","Gabon","1985","Medium","96.502"
"266","Gabon","1980","Medium","123.075"
"266","Gabon","1975","Medium","154.564"
"266","Gabon","1970","Medium","189.438"
"270","Gambia","2015","Medium","67.77"
"270","Gambia","2010","Medium","75.224"
"270","Gambia","2005","Medium","87.53"
"270","Gambia","2000","Medium","106.393"
"270","Gambia","1995","Medium","128.268"
"270","Gambia","1990","Medium","153.296"
"270","Gambia","1985","Medium","174.886"
"270","Gambia","1980","Medium","199.919"
"270","Gambia","1975","Medium","232.01"
"270","Gambia","1970","Medium","267.464"
"268","Georgia","2015","Medium","10.155"
"268","Georgia","2010","Medium","14.519"
"268","Georgia","2005","Medium","20.795"
"268","Georgia","2000","Medium","30.527"
"268","Georgia","1995","Medium","39.404"
"268","Georgia","1990","Medium","48.99"
"268","Georgia","1985","Medium","46.434"
"268","Georgia","1980","Medium","49.5"
"268","Georgia","1975","Medium","52.141"
"268","Georgia","1970","Medium","55.706"
"276","Germany","2015","Medium","3.805"
"276","Germany","2010","Medium","4.005"
"276","Germany","2005","Medium","4.43"
"276","Germany","2000","Medium","5.07"
"276","Germany","1995","Medium","5.836"
"276","Germany","1990","Medium","7.416"
"276","Germany","1985","Medium","10.034"
"276","Germany","1980","Medium","13.293"
"276","Germany","1975","Medium","18.298"
"276","Germany","1970","Medium","24.218"
"288","Ghana","2015","Medium","51.64"
"288","Ghana","2010","Medium","65.555"
"288","Ghana","2005","Medium","82.258"
"288","Ghana","2000","Medium","93.621"
"288","Ghana","1995","Medium","104.26"
"288","Ghana","1990","Medium","114.302"
"288","Ghana","1985","Medium","132.736"
"288","Ghana","1980","Medium","150.797"
"288","Ghana","1975","Medium","162.963"
"288","Ghana","1970","Medium","176.667"
"300","Greece","2015","Medium","3.318"
"300","Greece","2010","Medium","3.835"
"300","Greece","2005","Medium","4.19"
"300","Greece","2000","Medium","5.316"
"300","Greece","1995","Medium","7.671"
"300","Greece","1990","Medium","9.464"
"300","Greece","1985","Medium","13.076"
"300","Greece","1980","Medium","16.471"
"300","Greece","1975","Medium","23.426"
"300","Greece","1970","Medium","28.232"
"308","Grenada","2015","Medium","16.436"
"308","Grenada","2010","Medium","15.233"
"308","Grenada","2005","Medium","14.053"
"308","Grenada","2000","Medium","14.817"
"308","Grenada","1995","Medium","16.956"
"308","Grenada","1990","Medium","20.751"
"308","Grenada","1985","Medium","25.41"
"308","Grenada","1980","Medium","30.014"
"308","Grenada","1975","Medium","42.485"
"308","Grenada","1970","Medium","55.761"
"312","Guadeloupe","2015","Medium","5.086"
"312","Guadeloupe","2010","Medium","6.44"
"312","Guadeloupe","2005","Medium","7.865"
"312","Guadeloupe","2000","Medium","10.036"
"312","Guadeloupe","1995","Medium","12.83"
"312","Guadeloupe","1990","Medium","16.425"
"312","Guadeloupe","1985","Medium","21.127"
"312","Guadeloupe","1980","Medium","27.221"
"312","Guadeloupe","1975","Medium","35.302"
"312","Guadeloupe","1970","Medium","45.841"
"316","Guam","2015","Medium","10.033"
"316","Guam","2010","Medium","11.629"
"316","Guam","2005","Medium","13.163"
"316","Guam","2000","Medium","15.745"
"316","Guam","1995","Medium","19.867"
"316","Guam","1990","Medium","24.457"
"316","Guam","1985","Medium","28.942"
"316","Guam","1980","Medium","34.489"
"316","Guam","1975","Medium","42.012"
"316","Guam","1970","Medium","51.863"
"320","Guatemala","2015","Medium","26.098"
"320","Guatemala","2010","Medium","32.598"
"320","Guatemala","2005","Medium","38.483"
"320","Guatemala","2000","Medium","46.885"
"320","Guatemala","1995","Medium","58.114"
"320","Guatemala","1990","Medium","73.767"
"320","Guatemala","1985","Medium","93.543"
"320","Guatemala","1980","Medium","115.624"
"320","Guatemala","1975","Medium","139.236"
"320","Guatemala","1970","Medium","163.825"
"324","Guinea","2015","Medium","80.733"
"324","Guinea","2010","Medium","102.227"
"324","Guinea","2005","Medium","123.605"
"324","Guinea","2000","Medium","161.144"
"324","Guinea","1995","Medium","187.283"
"324","Guinea","1990","Medium","215.761"
"324","Guinea","1985","Medium","240.71"
"324","Guinea","1980","Medium","264.589"
"324","Guinea","1975","Medium","288.873"
"324","Guinea","1970","Medium","311.192"
"624","Guinea-Bissau","2015","Medium","82.442"
"624","Guinea-Bissau","2010","Medium","100.937"
"624","Guinea-Bissau","2005","Medium","129.149"
"624","Guinea-Bissau","2000","Medium","160.974"
"624","Guinea-Bissau","1995","Medium","183.098"
"624","Guinea-Bissau","1990","Medium","204.091"
"624","Guinea-Bissau","1985","Medium","217.091"
"624","Guinea-Bissau","1980","Medium","227.601"
"624","Guinea-Bissau","1975","Medium","243.581"
"624","Guinea-Bissau","1970","Medium","259.55"
"328","Guyana","2015","Medium","32.291"
"328","Guyana","2010","Medium","39.314"
"328","Guyana","2005","Medium","39.394"
"328","Guyana","2000","Medium","43.989"
"328","Guyana","1995","Medium","51.378"
"328","Guyana","1990","Medium","57.528"
"328","Guyana","1985","Medium","65.54"
"328","Guyana","1980","Medium","69.32"
"328","Guyana","1975","Medium","72.053"
"328","Guyana","1970","Medium","74.212"
"332","Haiti","2015","Medium","81.031"
"332","Haiti","2010","Medium","90.635"
"332","Haiti","2005","Medium","94.643"
"332","Haiti","2000","Medium","101.778"
"332","Haiti","1995","Medium","116.07"
"332","Haiti","1990","Medium","133.22"
"332","Haiti","1985","Medium","150.592"
"332","Haiti","1980","Medium","170.75"
"332","Haiti","1975","Medium","188.264"
"332","Haiti","1970","Medium","219.493"
"340","Honduras","2015","Medium","21.312"
"340","Honduras","2010","Medium","26.041"
"340","Honduras","2005","Medium","33.747"
"340","Honduras","2000","Medium","40.648"
"340","Honduras","1995","Medium","49.633"
"340","Honduras","1990","Medium","59.904"
"340","Honduras","1985","Medium","73.906"
"340","Honduras","1980","Medium","100.704"
"340","Honduras","1975","Medium","131.149"
"340","Honduras","1970","Medium","164.503"
"348","Hungary","2015","Medium","4.641"
"348","Hungary","2010","Medium","5.769"
"348","Hungary","2005","Medium","6.694"
"348","Hungary","2000","Medium","8.742"
"348","Hungary","1995","Medium","11.294"
"348","Hungary","1990","Medium","15.077"
"348","Hungary","1985","Medium","19.152"
"348","Hungary","1980","Medium","22.247"
"348","Hungary","1975","Medium","28.311"
"348","Hungary","1970","Medium","38.163"
"352","Iceland","2015","Medium","1.765"
"352","Iceland","2010","Medium","2.188"
"352","Iceland","2005","Medium","2.941"
"352","Iceland","2000","Medium","3.272"
"352","Iceland","1995","Medium","4.768"
"352","Iceland","1990","Medium","6.016"
"352","Iceland","1985","Medium","6.718"
"352","Iceland","1980","Medium","7.569"
"352","Iceland","1975","Medium","11.616"
"352","Iceland","1970","Medium","14.899"
"356","India","2015","Medium","39.405"
"356","India","2010","Medium","49.405"
"356","India","2005","Medium","64.665"
"356","India","2000","Medium","81.001"
"356","India","1995","Medium","98.73"
"356","India","1990","Medium","115.776"
"356","India","1985","Medium","133.509"
"356","India","1980","Medium","153.378"
"356","India","1975","Medium","178.21"
"356","India","1970","Medium","202.188"
"360","Indonesia","2015","Medium","24.882"
"360","Indonesia","2010","Medium","30.06"
"360","Indonesia","2005","Medium","37.205"
"360","Indonesia","2000","Medium","47.659"
"360","Indonesia","1995","Medium","58.791"
"360","Indonesia","1990","Medium","74.825"
"360","Indonesia","1985","Medium","93.237"
"360","Indonesia","1980","Medium","111.289"
"360","Indonesia","1975","Medium","129.725"
"360","Indonesia","1970","Medium","151.886"
"364","Iran (Islamic Republic of)","2015","Medium","14.923"
"364","Iran (Islamic Republic of)","2010","Medium","17.659"
"364","Iran (Islamic Republic of)","2005","Medium","22.498"
"364","Iran (Islamic Republic of)","2000","Medium","29.791"
"364","Iran (Islamic Republic of)","1995","Medium","39.26"
"364","Iran (Islamic Republic of)","1990","Medium","49.811"
"364","Iran (Islamic Republic of)","1985","Medium","65.28"
"364","Iran (Islamic Republic of)","1980","Medium","87.584"
"364","Iran (Islamic Republic of)","1975","Medium","122.584"
"364","Iran (Islamic Republic of)","1970","Medium","167.012"
"368","Iraq","2015","Medium","28.321"
"368","Iraq","2010","Medium","34.619"
"368","Iraq","2005","Medium","39.029"
"368","Iraq","2000","Medium","42.911"
"368","Iraq","1995","Medium","47.099"
"368","Iraq","1990","Medium","49.015"
"368","Iraq","1985","Medium","57.183"
"368","Iraq","1980","Medium","66.418"
"368","Iraq","1975","Medium","80.769"
"368","Iraq","1970","Medium","103.714"
"372","Ireland","2015","Medium","3.177"
"372","Ireland","2010","Medium","3.994"
"372","Ireland","2005","Medium","4.48"
"372","Ireland","2000","Medium","6.238"
"372","Ireland","1995","Medium","7.276"
"372","Ireland","1990","Medium","7.892"
"372","Ireland","1985","Medium","10.022"
"372","Ireland","1980","Medium","12.12"
"372","Ireland","1975","Medium","17.338"
"372","Ireland","1970","Medium","21.222"
"376","Israel","2015","Medium","3.362"
"376","Israel","2010","Medium","4.246"
"376","Israel","2005","Medium","4.988"
"376","Israel","2000","Medium","6.246"
"376","Israel","1995","Medium","7.643"
"376","Israel","1990","Medium","10.217"
"376","Israel","1985","Medium","12.765"
"376","Israel","1980","Medium","16.173"
"376","Israel","1975","Medium","20.017"
"376","Israel","1970","Medium","24.179"
"380","Italy","2015","Medium","3.053"
"380","Italy","2010","Medium","3.569"
"380","Italy","2005","Medium","4.044"
"380","Italy","2000","Medium","4.872"
"380","Italy","1995","Medium","6.457"
"380","Italy","1990","Medium","8.724"
"380","Italy","1985","Medium","10.584"
"380","Italy","1980","Medium","14.133"
"380","Italy","1975","Medium","19.322"
"380","Italy","1970","Medium","28.923"
"388","Jamaica","2015","Medium","14.971"
"388","Jamaica","2010","Medium","17.404"
"388","Jamaica","2005","Medium","19.54"
"388","Jamaica","2000","Medium","21.13"
"388","Jamaica","1995","Medium","24.153"
"388","Jamaica","1990","Medium","28.311"
"388","Jamaica","1985","Medium","32.976"
"388","Jamaica","1980","Medium","38.07"
"388","Jamaica","1975","Medium","44.032"
"388","Jamaica","1970","Medium","51.945"
"392","Japan","2015","Medium","2.465"
"392","Japan","2010","Medium","3.044"
"392","Japan","2005","Medium","3.467"
"392","Japan","2000","Medium","4.046"
"392","Japan","1995","Medium","5.088"
"392","Japan","1990","Medium","6.077"
"392","Japan","1985","Medium","6.701"
"392","Japan","1980","Medium","8.646"
"392","Japan","1975","Medium","11.352"
"392","Japan","1970","Medium","15.415"
"400","Jordan","2015","Medium","17.034"
"400","Jordan","2010","Medium","19.795"
"400","Jordan","2005","Medium","22.79"
"400","Jordan","2000","Medium","26.143"
"400","Jordan","1995","Medium","29.998"
"400","Jordan","1990","Medium","34.181"
"400","Jordan","1985","Medium","40.185"
"400","Jordan","1980","Medium","51.866"
"400","Jordan","1975","Medium","67.372"
"400","Jordan","1970","Medium","86.379"
"398","Kazakhstan","2015","Medium","9.887"
"398","Kazakhstan","2010","Medium","17.46"
"398","Kazakhstan","2005","Medium","27.14"
"398","Kazakhstan","2000","Medium","38.458"
"398","Kazakhstan","1995","Medium","53.969"
"398","Kazakhstan","1990","Medium","60.405"
"398","Kazakhstan","1985","Medium","63.623"
"398","Kazakhstan","1980","Medium","73.944"
"398","Kazakhstan","1975","Medium","84.651"
"398","Kazakhstan","1970","Medium","94.117"
"404","Kenya","2015","Medium","47.432"
"404","Kenya","2010","Medium","56.254"
"404","Kenya","2005","Medium","72.852"
"404","Kenya","2000","Medium","94.277"
"404","Kenya","1995","Medium","106.172"
"404","Kenya","1990","Medium","108.024"
"404","Kenya","1985","Medium","106.29"
"404","Kenya","1980","Medium","109.975"
"404","Kenya","1975","Medium","127.87"
"404","Kenya","1970","Medium","147.942"
"296","Kiribati","2015","Medium","54.364"
"296","Kiribati","2010","Medium","61.377"
"296","Kiribati","2005","Medium","66.22"
"296","Kiribati","2000","Medium","67.602"
"296","Kiribati","1995","Medium","76.399"
"296","Kiribati","1990","Medium","87.896"
"296","Kiribati","1985","Medium","105.831"
"296","Kiribati","1980","Medium","118.712"
"296","Kiribati","1975","Medium","122.212"
"296","Kiribati","1970","Medium","129.656"
"414","Kuwait","2015","Medium","8.296"
"414","Kuwait","2010","Medium","9.515"
"414","Kuwait","2005","Medium","11.286"
"414","Kuwait","2000","Medium","12.122"
"414","Kuwait","1995","Medium","13.501"
"414","Kuwait","1990","Medium","15.422"
"414","Kuwait","1985","Medium","19.715"
"414","Kuwait","1980","Medium","27.316"
"414","Kuwait","1975","Medium","42.034"
"414","Kuwait","1970","Medium","58.17"
"417","Kyrgyzstan","2015","Medium","18.328"
"417","Kyrgyzstan","2010","Medium","22.98"
"417","Kyrgyzstan","2005","Medium","34.642"
"417","Kyrgyzstan","2000","Medium","44.025"
"417","Kyrgyzstan","1995","Medium","58.373"
"417","Kyrgyzstan","1990","Medium","72.307"
"417","Kyrgyzstan","1985","Medium","82.179"
"417","Kyrgyzstan","1980","Medium","94.813"
"417","Kyrgyzstan","1975","Medium","107.021"
"417","Kyrgyzstan","1970","Medium","118.279"
"418","Lao People's Democratic Republic","2015","Medium","48.323"
"418","Lao People's Democratic Republic","2010","Medium","60.455"
"418","Lao People's Democratic Republic","2005","Medium","76.959"
"418","Lao People's Democratic Republic","2000","Medium","96.444"
"418","Lao People's Democratic Republic","1995","Medium","117.209"
"418","Lao People's Democratic Republic","1990","Medium","140.382"
"418","Lao People's Democratic Republic","1985","Medium","157.375"
"418","Lao People's Democratic Republic","1980","Medium","179.42"
"418","Lao People's Democratic Republic","1975","Medium","193.245"
"418","Lao People's Democratic Republic","1970","Medium","205.842"
"428","Latvia","2015","Medium","5.468"
"428","Latvia","2010","Medium","6.97"
"428","Latvia","2005","Medium","9.359"
"428","Latvia","2000","Medium","12.316"
"428","Latvia","1995","Medium","19.111"
"428","Latvia","1990","Medium","21.441"
"428","Latvia","1985","Medium","18.523"
"428","Latvia","1980","Medium","23.535"
"428","Latvia","1975","Medium","27.815"
"428","Latvia","1970","Medium","24.707"
"422","Lebanon","2015","Medium","10.903"
"422","Lebanon","2010","Medium","11.126"
"422","Lebanon","2005","Medium","12.282"
"422","Lebanon","2000","Medium","16.008"
"422","Lebanon","1995","Medium","22.051"
"422","Lebanon","1990","Medium","29.95"
"422","Lebanon","1985","Medium","36.908"
"422","Lebanon","1980","Medium","43.018"
"422","Lebanon","1975","Medium","47.282"
"422","Lebanon","1970","Medium","52.491"
"426","Lesotho","2015","Medium","87.049"
"426","Lesotho","2010","Medium","96.414"
"426","Lesotho","2005","Medium","115.973"
"426","Lesotho","2000","Medium","121.675"
"426","Lesotho","1995","Medium","107.091"
"426","Lesotho","1990","Medium","90.786"
"426","Lesotho","1985","Medium","92.55"
"426","Lesotho","1980","Medium","110.059"
"426","Lesotho","1975","Medium","138.963"
"426","Lesotho","1970","Medium","166.546"
"430","Liberia","2015","Medium","74.095"
"430","Liberia","2010","Medium","86.345"
"430","Liberia","2005","Medium","107.449"
"430","Liberia","2000","Medium","152.914"
"430","Liberia","1995","Medium","212.961"
"430","Liberia","1990","Medium","257.939"
"430","Liberia","1985","Medium","246.481"
"430","Liberia","1980","Medium","230.722"
"430","Liberia","1975","Medium","245.586"
"430","Liberia","1970","Medium","266.135"
"434","Libya","2015","Medium","12.702"
"434","Libya","2010","Medium","15.659"
"434","Libya","2005","Medium","21.372"
"434","Libya","2000","Medium","25.59"
"434","Libya","1995","Medium","31.462"
"434","Libya","1990","Medium","39.226"
"434","Libya","1985","Medium","49.849"
"434","Libya","1980","Medium","62.961"
"434","Libya","1975","Medium","85.952"
"434","Libya","1970","Medium","118.879"
"440","Lithuania","2015","Medium","4.876"
"440","Lithuania","2010","Medium","5.416"
"440","Lithuania","2005","Medium","7.333"
"440","Lithuania","2000","Medium","9.835"
"440","Lithuania","1995","Medium","13.651"
"440","Lithuania","1990","Medium","19.56"
"440","Lithuania","1985","Medium","18.586"
"440","Lithuania","1980","Medium","22.75"
"440","Lithuania","1975","Medium","27.084"
"440","Lithuania","1970","Medium","26.709"
"442","Luxembourg","2015","Medium","3.514"
"442","Luxembourg","2010","Medium","3.916"
"442","Luxembourg","2005","Medium","3.343"
"442","Luxembourg","2000","Medium","6.088"
"442","Luxembourg","1995","Medium","6.196"
"442","Luxembourg","1990","Medium","8.783"
"442","Luxembourg","1985","Medium","10.575"
"442","Luxembourg","1980","Medium","14.326"
"442","Luxembourg","1975","Medium","16.231"
"442","Luxembourg","1970","Medium","21.764"
"450","Madagascar","2015","Medium","43.191"
"450","Madagascar","2010","Medium","54.487"
"450","Madagascar","2005","Medium","67.395"
"450","Madagascar","2000","Medium","86.798"
"450","Madagascar","1995","Medium","117.137"
"450","Madagascar","1990","Medium","152.288"
"450","Madagascar","1985","Medium","170.436"
"450","Madagascar","1980","Medium","172.472"
"450","Madagascar","1975","Medium","193.422"
"450","Madagascar","1970","Medium","210.078"
"454","Malawi","2015","Medium","55.445"
"454","Malawi","2010","Medium","73.61"
"454","Malawi","2005","Medium","102.749"
"454","Malawi","2000","Medium","136.838"
"454","Malawi","1995","Medium","168.085"
"454","Malawi","1990","Medium","205.146"
"454","Malawi","1985","Medium","235.049"
"454","Malawi","1980","Medium","250.851"
"454","Malawi","1975","Medium","269.959"
"454","Malawi","1970","Medium","290.138"
"458","Malaysia","2015","Medium","6.969"
"458","Malaysia","2010","Medium","7.805"
"458","Malaysia","2005","Medium","8.78"
"458","Malaysia","2000","Medium","9.934"
"458","Malaysia","1995","Medium","11.948"
"458","Malaysia","1990","Medium","14.849"
"458","Malaysia","1985","Medium","18.875"
"458","Malaysia","1980","Medium","25.628"
"458","Malaysia","1975","Medium","36.265"
"458","Malaysia","1970","Medium","48.155"
"462","Maldives","2015","Medium","7.925"
"462","Maldives","2010","Medium","10.472"
"462","Maldives","2005","Medium","17.227"
"462","Maldives","2000","Medium","32.24"
"462","Maldives","1995","Medium","57.091"
"462","Maldives","1990","Medium","81.825"
"462","Maldives","1985","Medium","106.154"
"462","Maldives","1980","Medium","136.696"
"462","Maldives","1975","Medium","178.979"
"462","Maldives","1970","Medium","234.656"
"466","Mali","2015","Medium","105.433"
"466","Mali","2010","Medium","125.058"
"466","Mali","2005","Medium","152.516"
"466","Mali","2000","Medium","196.379"
"466","Mali","1995","Medium","232.117"
"466","Mali","1990","Medium","245.848"
"466","Mali","1985","Medium","267.656"
"466","Mali","1980","Medium","293.965"
"466","Mali","1975","Medium","325.671"
"466","Mali","1970","Medium","356.145"
"470","Malta","2015","Medium","5.596"
"470","Malta","2010","Medium","6.213"
"470","Malta","2005","Medium","6.447"
"470","Malta","2000","Medium","6.709"
"470","Malta","1995","Medium","8.034"
"470","Malta","1990","Medium","9.76"
"470","Malta","1985","Medium","11.394"
"470","Malta","1980","Medium","14.161"
"470","Malta","1975","Medium","17.133"
"470","Malta","1970","Medium","22.833"
"474","Martinique","2015","Medium","6.447"
"474","Martinique","2010","Medium","7.449"
"474","Martinique","2005","Medium","8.861"
"474","Martinique","2000","Medium","9.953"
"474","Martinique","1995","Medium","12.812"
"474","Martinique","1990","Medium","16.482"
"474","Martinique","1985","Medium","21.3"
"474","Martinique","1980","Medium","27.514"
"474","Martinique","1975","Medium","35.441"
"474","Martinique","1970","Medium","45.974"
"478","Mauritania","2015","Medium","78.825"
"478","Mauritania","2010","Medium","92.763"
"478","Mauritania","2005","Medium","104.856"
"478","Mauritania","2000","Medium","113.244"
"478","Mauritania","1995","Medium","114.08"
"478","Mauritania","1990","Medium","114.55"
"478","Mauritania","1985","Medium","125.123"
"478","Mauritania","1980","Medium","151.047"
"478","Mauritania","1975","Medium","173.86"
"478","Mauritania","1970","Medium","189.486"
"480","Mauritius","2015","Medium","13.179"
"480","Mauritius","2010","Medium","14.196"
"480","Mauritius","2005","Medium","15.237"
"480","Mauritius","2000","Medium","16.071"
"480","Mauritius","1995","Medium","21.69"
"480","Mauritius","1990","Medium","21.178"
"480","Mauritius","1985","Medium","26.813"
"480","Mauritius","1980","Medium","31.247"
"480","Mauritius","1975","Medium","46.701"
"480","Mauritius","1970","Medium","84.387"
"175","Mayotte","2015","Medium","4.811"
"175","Mayotte","2010","Medium","4.811"
"175","Mayotte","2005","Medium","6.55"
"175","Mayotte","2000","Medium","8.981"
"175","Mayotte","1995","Medium","12.322"
"175","Mayotte","1990","Medium","16.916"
"175","Mayotte","1985","Medium","23.224"
"175","Mayotte","1980","Medium","31.885"
"175","Mayotte","1975","Medium","43.762"
"175","Mayotte","1970","Medium","60.021"
"484","Mexico","2015","Medium","15.563"
"484","Mexico","2010","Medium","17.515"
"484","Mexico","2005","Medium","19.758"
"484","Mexico","2000","Medium","23.097"
"484","Mexico","1995","Medium","28.803"
"484","Mexico","1990","Medium","40.337"
"484","Mexico","1985","Medium","48.404"
"484","Mexico","1980","Medium","57.255"
"484","Mexico","1975","Medium","73.764"
"484","Mexico","1970","Medium","98.149"
"583","Micronesia (Fed. States of)","2015","Medium","31.942"
"583","Micronesia (Fed. States of)","2010","Medium","37.062"
"583","Micronesia (Fed. States of)","2005","Medium","43.544"
"583","Micronesia (Fed. States of)","2000","Medium","50.456"
"583","Micronesia (Fed. States of)","1995","Medium","54.9"
"583","Micronesia (Fed. States of)","1990","Medium","54.869"
"583","Micronesia (Fed. States of)","1985","Medium","56.985"
"583","Micronesia (Fed. States of)","1980","Medium","57.973"
"583","Micronesia (Fed. States of)","1975","Medium","64.893"
"583","Micronesia (Fed. States of)","1970","Medium","79.214"
"496","Mongolia","2015","Medium","22.367"
"496","Mongolia","2010","Medium","28.096"
"496","Mongolia","2005","Medium","36.977"
"496","Mongolia","2000","Medium","49.374"
"496","Mongolia","1995","Medium","70.736"
"496","Mongolia","1990","Medium","91.31"
"496","Mongolia","1985","Medium","136.125"
"496","Mongolia","1980","Medium","154.501"
"496","Mongolia","1975","Medium","158.339"
"496","Mongolia","1970","Medium","161.865"
"499","Montenegro","2015","Medium","3.198"
"499","Montenegro","2010","Medium","5.186"
"499","Montenegro","2005","Medium","11.757"
"499","Montenegro","2000","Medium","12.684"
"499","Montenegro","1995","Medium","12.692"
"499","Montenegro","1990","Medium","20.293"
"499","Montenegro","1985","Medium","24.222"
"499","Montenegro","1980","Medium","28.917"
"499","Montenegro","1975","Medium","31.936"
"499","Montenegro","1970","Medium","36.978"
"504","Morocco","2015","Medium","23.397"
"504","Morocco","2010","Medium","28.534"
"504","Morocco","2005","Medium","32.857"
"504","Morocco","2000","Medium","45.271"
"504","Morocco","1995","Medium","55.167"
"504","Morocco","1990","Medium","68.181"
"504","Morocco","1985","Medium","89.398"
"504","Morocco","1980","Medium","118.081"
"504","Morocco","1975","Medium","150.279"
"504","Morocco","1970","Medium","171.029"
"508","Mozambique","2015","Medium","73.25"
"508","Mozambique","2010","Medium","89.999"
"508","Mozambique","2005","Medium","117.352"
"508","Mozambique","2000","Medium","150.965"
"508","Mozambique","1995","Medium","193.38"
"508","Mozambique","1990","Medium","228.933"
"508","Mozambique","1985","Medium","246.611"
"508","Mozambique","1980","Medium","258.63"
"508","Mozambique","1975","Medium","263.162"
"508","Mozambique","1970","Medium","269.874"
"104","Myanmar","2015","Medium","48.059"
"104","Myanmar","2010","Medium","56.622"
"104","Myanmar","2005","Medium","68.232"
"104","Myanmar","2000","Medium","77.423"
"104","Myanmar","1995","Medium","88.857"
"104","Myanmar","1990","Medium","100.706"
"104","Myanmar","1985","Medium","113.983"
"104","Myanmar","1980","Medium","128.418"
"104","Myanmar","1975","Medium","144.266"
"104","Myanmar","1970","Medium","161.884"
"516","Namibia","2015","Medium","44.552"
"516","Namibia","2010","Medium","50.754"
"516","Namibia","2005","Medium","60.29"
"516","Namibia","2000","Medium","75.206"
"516","Namibia","1995","Medium","72.993"
"516","Namibia","1990","Medium","70.027"
"516","Namibia","1985","Medium","78.768"
"516","Namibia","1980","Medium","100.878"
"516","Namibia","1975","Medium","112.78"
"516","Namibia","1970","Medium","133.791"
"524","Nepal","2015","Medium","33.627"
"524","Nepal","2010","Medium","41.487"
"524","Nepal","2005","Medium","53.941"
"524","Nepal","2000","Medium","71.013"
"524","Nepal","1995","Medium","94.203"
"524","Nepal","1990","Medium","123.494"
"524","Nepal","1985","Medium","158.168"
"524","Nepal","1980","Medium","191.978"
"524","Nepal","1975","Medium","223.091"
"524","Nepal","1970","Medium","250.475"
"528","Netherlands","2015","Medium","2.972"
"528","Netherlands","2010","Medium","4.138"
"528","Netherlands","2005","Medium","4.907"
"528","Netherlands","2000","Medium","5.862"
"528","Netherlands","1995","Medium","6.443"
"528","Netherlands","1990","Medium","7.58"
"528","Netherlands","1985","Medium","9.004"
"528","Netherlands","1980","Medium","10.264"
"528","Netherlands","1975","Medium","11.905"
"528","Netherlands","1970","Medium","14.34"
"540","New Caledonia","2015","Medium","13.326"
"540","New Caledonia","2010","Medium","15.086"
"540","New Caledonia","2005","Medium","17.551"
"540","New Caledonia","2000","Medium","20.248"
"540","New Caledonia","1995","Medium","24.21"
"540","New Caledonia","1990","Medium","28.948"
"540","New Caledonia","1985","Medium","35.393"
"540","New Caledonia","1980","Medium","44.227"
"540","New Caledonia","1975","Medium","56.118"
"540","New Caledonia","1970","Medium","70.962"
"554","New Zealand","2015","Medium","4.57"
"554","New Zealand","2010","Medium","5.267"
"554","New Zealand","2005","Medium","6.144"
"554","New Zealand","2000","Medium","6.687"
"554","New Zealand","1995","Medium","7.733"
"554","New Zealand","1990","Medium","9.108"
"554","New Zealand","1985","Medium","12.757"
"554","New Zealand","1980","Medium","14.352"
"554","New Zealand","1975","Medium","16.643"
"554","New Zealand","1970","Medium","19.654"
"558","Nicaragua","2015","Medium","20.244"
"558","Nicaragua","2010","Medium","21.574"
"558","Nicaragua","2005","Medium","27.767"
"558","Nicaragua","2000","Medium","32.169"
"558","Nicaragua","1995","Medium","43.805"
"558","Nicaragua","1990","Medium","61.77"
"558","Nicaragua","1985","Medium","90.041"
"558","Nicaragua","1980","Medium","117.295"
"558","Nicaragua","1975","Medium","137.599"
"558","Nicaragua","1970","Medium","150.839"
"562","Niger","2015","Medium","84.64"
"562","Niger","2010","Medium","110.143"
"562","Niger","2005","Medium","144.42"
"562","Niger","2000","Medium","193.93"
"562","Niger","1995","Medium","241.857"
"562","Niger","1990","Medium","293.312"
"562","Niger","1985","Medium","319.389"
"562","Niger","1980","Medium","313.516"
"562","Niger","1975","Medium","323.292"
"562","Niger","1970","Medium","325.155"
"566","Nigeria","2015","Medium","101.739"
"566","Nigeria","2010","Medium","120.998"
"566","Nigeria","2005","Medium","141.917"
"566","Nigeria","2000","Medium","171.688"
"566","Nigeria","1995","Medium","200.361"
"566","Nigeria","1990","Medium","213.176"
"566","Nigeria","1985","Medium","212.463"
"566","Nigeria","1980","Medium","211.817"
"566","Nigeria","1975","Medium","227.548"
"566","Nigeria","1970","Medium","248.777"
"807","North Macedonia","2015","Medium","11.817"
"807","North Macedonia","2010","Medium","9.946"
"807","North Macedonia","2005","Medium","12.071"
"807","North Macedonia","2000","Medium","13.618"
"807","North Macedonia","1995","Medium","19.845"
"807","North Macedonia","1990","Medium","29.451"
"807","North Macedonia","1985","Medium","43.773"
"807","North Macedonia","1980","Medium","56.033"
"807","North Macedonia","1975","Medium","67.45"
"807","North Macedonia","1970","Medium","74.83"
"578","Norway","2015","Medium","2.478"
"578","Norway","2010","Medium","2.945"
"578","Norway","2005","Medium","3.658"
"578","Norway","2000","Medium","4.418"
"578","Norway","1995","Medium","5.11"
"578","Norway","1990","Medium","6.944"
"578","Norway","1985","Medium","9.761"
"578","Norway","1980","Medium","9.93"
"578","Norway","1975","Medium","11.322"
"578","Norway","1970","Medium","14.425"
"512","Oman","2015","Medium","8.394"
"512","Oman","2010","Medium","11.209"
"512","Oman","2005","Medium","11.828"
"512","Oman","2000","Medium","17.909"
"512","Oman","1995","Medium","27.118"
"512","Oman","1990","Medium","40.148"
"512","Oman","1985","Medium","57.16"
"512","Oman","1980","Medium","84.246"
"512","Oman","1975","Medium","122.105"
"512","Oman","1970","Medium","168.433"
"586","Pakistan","2015","Medium","74.895"
"586","Pakistan","2010","Medium","84.295"
"586","Pakistan","2005","Medium","94.817"
"586","Pakistan","2000","Medium","105.236"
"586","Pakistan","1995","Medium","118.017"
"586","Pakistan","1990","Medium","131.376"
"586","Pakistan","1985","Medium","144.146"
"586","Pakistan","1980","Medium","157.071"
"586","Pakistan","1975","Medium","168.919"
"586","Pakistan","1970","Medium","182.405"
"591","Panama","2015","Medium","18.519"
"591","Panama","2010","Medium","20.517"
"591","Panama","2005","Medium","22.827"
"591","Panama","2000","Medium","26.606"
"591","Panama","1995","Medium","30.037"
"591","Panama","1990","Medium","33.117"
"591","Panama","1985","Medium","37.72"
"591","Panama","1980","Medium","45.039"
"591","Panama","1975","Medium","53.439"
"591","Panama","1970","Medium","68.003"
"598","Papua New Guinea","2015","Medium","53.011"
"598","Papua New Guinea","2010","Medium","61.877"
"598","Papua New Guinea","2005","Medium","70.673"
"598","Papua New Guinea","2000","Medium","76.068"
"598","Papua New Guinea","1995","Medium","79.637"
"598","Papua New Guinea","1990","Medium","84.475"
"598","Papua New Guinea","1985","Medium","91.168"
"598","Papua New Guinea","1980","Medium","99.955"
"598","Papua New Guinea","1975","Medium","112.875"
"598","Papua New Guinea","1970","Medium","131.079"
"600","Paraguay","2015","Medium","21.487"
"600","Paraguay","2010","Medium","24.477"
"600","Paraguay","2005","Medium","28.448"
"600","Paraguay","2000","Medium","32.901"
"600","Paraguay","1995","Medium","36.38"
"600","Paraguay","1990","Medium","41.318"
"600","Paraguay","1985","Medium","50.144"
"600","Paraguay","1980","Medium","58.981"
"600","Paraguay","1975","Medium","68.467"
"600","Paraguay","1970","Medium","75.026"
"604","Peru","2015","Medium","16.242"
"604","Peru","2010","Medium","18.091"
"604","Peru","2005","Medium","23.249"
"604","Peru","2000","Medium","32.091"
"604","Peru","1995","Medium","47.656"
"604","Peru","1990","Medium","68.701"
"604","Peru","1985","Medium","93.962"
"604","Peru","1980","Medium","115.814"
"604","Peru","1975","Medium","138.938"
"604","Peru","1970","Medium","157.2"
"608","Philippines","2015","Medium","27.678"
"608","Philippines","2010","Medium","30.164"
"608","Philippines","2005","Medium","32.724"
"608","Philippines","2000","Medium","36.482"
"608","Philippines","1995","Medium","41.555"
"608","Philippines","1990","Medium","50.593"
"608","Philippines","1985","Medium","65.957"
"608","Philippines","1980","Medium","77.125"
"608","Philippines","1975","Medium","81.437"
"608","Philippines","1970","Medium","82.602"
"616","Poland","2015","Medium","3.852"
"616","Poland","2010","Medium","5.117"
"616","Poland","2005","Medium","6.627"
"616","Poland","2000","Medium","8.238"
"616","Poland","1995","Medium","11.631"
"616","Poland","1990","Medium","18.382"
"616","Poland","1985","Medium","22.71"
"616","Poland","1980","Medium","26.424"
"616","Poland","1975","Medium","30.412"
"616","Poland","1970","Medium","35.389"
"620","Portugal","2015","Medium","3.398"
"620","Portugal","2010","Medium","3.61"
"620","Portugal","2005","Medium","4.157"
"620","Portugal","2000","Medium","5.822"
"620","Portugal","1995","Medium","8.35"
"620","Portugal","1990","Medium","11.797"
"620","Portugal","1985","Medium","17.404"
"620","Portugal","1980","Medium","23.792"
"620","Portugal","1975","Medium","35.76"
"620","Portugal","1970","Medium","55.491"
"630","Puerto Rico","2015","Medium","5.896"
"630","Puerto Rico","2010","Medium","6.931"
"630","Puerto Rico","2005","Medium","8.323"
"630","Puerto Rico","2000","Medium","9.723"
"630","Puerto Rico","1995","Medium","12.986"
"630","Puerto Rico","1990","Medium","13.678"
"630","Puerto Rico","1985","Medium","16.15"
"630","Puerto Rico","1980","Medium","19.956"
"630","Puerto Rico","1975","Medium","22.723"
"630","Puerto Rico","1970","Medium","29.419"
"634","Qatar","2015","Medium","7.559"
"634","Qatar","2010","Medium","8.572"
"634","Qatar","2005","Medium","9.675"
"634","Qatar","2000","Medium","11.378"
"634","Qatar","1995","Medium","13.798"
"634","Qatar","1990","Medium","17.785"
"634","Qatar","1985","Medium","24.545"
"634","Qatar","1980","Medium","32.181"
"634","Qatar","1975","Medium","41.503"
"634","Qatar","1970","Medium","56.24"
"410","Republic of Korea","2015","Medium","2.614"
"410","Republic of Korea","2010","Medium","3.729"
"410","Republic of Korea","2005","Medium","4.544"
"410","Republic of Korea","2000","Medium","6.512"
"410","Republic of Korea","1995","Medium","9.086"
"410","Republic of Korea","1990","Medium","13.631"
"410","Republic of Korea","1985","Medium","20.687"
"410","Republic of Korea","1980","Medium","33.193"
"410","Republic of Korea","1975","Medium","44.225"
"410","Republic of Korea","1970","Medium","50.931"
"498","Republic of Moldova","2015","Medium","14.413"
"498","Republic of Moldova","2010","Medium","16.482"
"498","Republic of Moldova","2005","Medium","19.242"
"498","Republic of Moldova","2000","Medium","23.21"
"498","Republic of Moldova","1995","Medium","30.324"
"498","Republic of Moldova","1990","Medium","34.62"
"498","Republic of Moldova","1985","Medium","36.868"
"498","Republic of Moldova","1980","Medium","42.919"
"498","Republic of Moldova","1975","Medium","52.815"
"498","Republic of Moldova","1970","Medium","52.86"
"638","Réunion","2015","Medium","3.005"
"638","Réunion","2010","Medium","4.812"
"638","Réunion","2005","Medium","6.547"
"638","Réunion","2000","Medium","8.98"
"638","Réunion","1995","Medium","12.32"
"638","Réunion","1990","Medium","16.913"
"638","Réunion","1985","Medium","23.228"
"638","Réunion","1980","Medium","31.878"
"638","Réunion","1975","Medium","43.767"
"638","Réunion","1970","Medium","60.014"
"642","Romania","2015","Medium","7.888"
"642","Romania","2010","Medium","9.87"
"642","Romania","2005","Medium","14.174"
"642","Romania","2000","Medium","20.007"
"642","Romania","1995","Medium","24.552"
"642","Romania","1990","Medium","28.651"
"642","Romania","1985","Medium","33.396"
"642","Romania","1980","Medium","32.616"
"642","Romania","1975","Medium","38.244"
"642","Romania","1970","Medium","47.117"
"643","Russian Federation","2015","Medium","7.114"
"643","Russian Federation","2010","Medium","10.241"
"643","Russian Federation","2005","Medium","13.178"
"643","Russian Federation","2000","Medium","19.631"
"643","Russian Federation","1995","Medium","25.042"
"643","Russian Federation","1990","Medium","26.061"
"643","Russian Federation","1985","Medium","28.187"
"643","Russian Federation","1980","Medium","31.413"
"643","Russian Federation","1975","Medium","34.338"
"643","Russian Federation","1970","Medium","31.779"
"646","Rwanda","2015","Medium","38.395"
"646","Rwanda","2010","Medium","52.843"
"646","Rwanda","2005","Medium","88.382"
"646","Rwanda","2000","Medium","146.057"
"646","Rwanda","1995","Medium","201.256"
"646","Rwanda","1990","Medium","465.517"
"646","Rwanda","1985","Medium","191.628"
"646","Rwanda","1980","Medium","180.335"
"646","Rwanda","1975","Medium","216.494"
"646","Rwanda","1970","Medium","227.621"
"662","Saint Lucia","2015","Medium","16.132"
"662","Saint Lucia","2010","Medium","17.945"
"662","Saint Lucia","2005","Medium","18.464"
"662","Saint Lucia","2000","Medium","18.044"
"662","Saint Lucia","1995","Medium","18.853"
"662","Saint Lucia","1990","Medium","21.047"
"662","Saint Lucia","1985","Medium","23.804"
"662","Saint Lucia","1980","Medium","28.101"
"662","Saint Lucia","1975","Medium","37.371"
"662","Saint Lucia","1970","Medium","60.239"
"670","Saint Vincent and the Grenadines","2015","Medium","15.985"
"670","Saint Vincent and the Grenadines","2010","Medium","19.056"
"670","Saint Vincent and the Grenadines","2005","Medium","21.719"
"670","Saint Vincent and the Grenadines","2000","Medium","22.307"
"670","Saint Vincent and the Grenadines","1995","Medium","22.397"
"670","Saint Vincent and the Grenadines","1990","Medium","22.886"
"670","Saint Vincent and the Grenadines","1985","Medium","28.119"
"670","Saint Vincent and the Grenadines","1980","Medium","42.688"
"670","Saint Vincent and the Grenadines","1975","Medium","64.781"
"670","Saint Vincent and the Grenadines","1970","Medium","82.588"
"882","Samoa","2015","Medium","16.178"
"882","Samoa","2010","Medium","18.169"
"882","Samoa","2005","Medium","20.069"
"882","Samoa","2000","Medium","20.501"
"882","Samoa","1995","Medium","23.704"
"882","Samoa","1990","Medium","28.189"
"882","Samoa","1985","Medium","33.374"
"882","Samoa","1980","Medium","43.608"
"882","Samoa","1975","Medium","60.181"
"882","Samoa","1970","Medium","77.725"
"678","Sao Tome and Principe","2015","Medium","32.342"
"678","Sao Tome and Principe","2010","Medium","39.708"
"678","Sao Tome and Principe","2005","Medium","53.17"
"678","Sao Tome and Principe","2000","Medium","73.097"
"678","Sao Tome and Principe","1995","Medium","95.767"
"678","Sao Tome and Principe","1990","Medium","108.167"
"678","Sao Tome and Principe","1985","Medium","104.785"
"678","Sao Tome and Principe","1980","Medium","94.889"
"678","Sao Tome and Principe","1975","Medium","100.513"
"678","Sao Tome and Principe","1970","Medium","120.305"
"682","Saudi Arabia","2015","Medium","7.355"
"682","Saudi Arabia","2010","Medium","10.163"
"682","Saudi Arabia","2005","Medium","14.191"
"682","Saudi Arabia","2000","Medium","19.084"
"682","Saudi Arabia","1995","Medium","25.858"
"682","Saudi Arabia","1990","Medium","36.782"
"682","Saudi Arabia","1985","Medium","54.825"
"682","Saudi Arabia","1980","Medium","79.683"
"682","Saudi Arabia","1975","Medium","112"
"682","Saudi Arabia","1970","Medium","156.21"
"686","Senegal","2015","Medium","44.622"
"686","Senegal","2010","Medium","55.025"
"686","Senegal","2005","Medium","77.386"
"686","Senegal","2000","Medium","114.021"
"686","Senegal","1995","Medium","139.705"
"686","Senegal","1990","Medium","137.892"
"686","Senegal","1985","Medium","150.01"
"686","Senegal","1980","Medium","186.291"
"686","Senegal","1975","Medium","225.8"
"686","Senegal","1970","Medium","275.969"
"688","Serbia","2015","Medium","5.579"
"688","Serbia","2010","Medium","6.968"
"688","Serbia","2005","Medium","8.181"
"688","Serbia","2000","Medium","11.076"
"688","Serbia","1995","Medium","18.782"
"688","Serbia","1990","Medium","20.26"
"688","Serbia","1985","Medium","25.949"
"688","Serbia","1980","Medium","39.102"
"688","Serbia","1975","Medium","45.007"
"688","Serbia","1970","Medium","56.835"
"690","Seychelles","2015","Medium","13.833"
"690","Seychelles","2010","Medium","14.376"
"690","Seychelles","2005","Medium","14.12"
"690","Seychelles","2000","Medium","13.778"
"690","Seychelles","1995","Medium","13.814"
"690","Seychelles","1990","Medium","15.423"
"690","Seychelles","1985","Medium","18.474"
"690","Seychelles","1980","Medium","24.805"
"690","Seychelles","1975","Medium","39.713"
"690","Seychelles","1970","Medium","61.188"
"694","Sierra Leone","2015","Medium","110.369"
"694","Sierra Leone","2010","Medium","136.64"
"694","Sierra Leone","2005","Medium","180.006"
"694","Sierra Leone","2000","Medium","217.242"
"694","Sierra Leone","1995","Medium","247.26"
"694","Sierra Leone","1990","Medium","259.06"
"694","Sierra Leone","1985","Medium","265.24"
"694","Sierra Leone","1980","Medium","276.316"
"694","Sierra Leone","1975","Medium","294.954"
"694","Sierra Leone","1970","Medium","318.227"
"702","Singapore","2015","Medium","2.01"
"702","Singapore","2010","Medium","2.571"
"702","Singapore","2005","Medium","2.746"
"702","Singapore","2000","Medium","3.302"
"702","Singapore","1995","Medium","4.847"
"702","Singapore","1990","Medium","6.049"
"702","Singapore","1985","Medium","7.063"
"702","Singapore","1980","Medium","11.14"
"702","Singapore","1975","Medium","15.675"
"702","Singapore","1970","Medium","23.846"
"703","Slovakia","2015","Medium","5.685"
"703","Slovakia","2010","Medium","6.54"
"703","Slovakia","2005","Medium","7.547"
"703","Slovakia","2000","Medium","8.902"
"703","Slovakia","1995","Medium","10.861"
"703","Slovakia","1990","Medium","13.519"
"703","Slovakia","1985","Medium","16.165"
"703","Slovakia","1980","Medium","20.446"
"703","Slovakia","1975","Medium","25.396"
"703","Slovakia","1970","Medium","28.735"
"705","Slovenia","2015","Medium","2.202"
"705","Slovenia","2010","Medium","2.84"
"705","Slovenia","2005","Medium","3.952"
"705","Slovenia","2000","Medium","4.862"
"705","Slovenia","1995","Medium","6.028"
"705","Slovenia","1990","Medium","8.831"
"705","Slovenia","1985","Medium","12.15"
"705","Slovenia","1980","Medium","15.75"
"705","Slovenia","1975","Medium","16.241"
"705","Slovenia","1970","Medium","18.585"
"90","Solomon Islands","2015","Medium","20.123"
"90","Solomon Islands","2010","Medium","23.781"
"90","Solomon Islands","2005","Medium","27.341"
"90","Solomon Islands","2000","Medium","29.44"
"90","Solomon Islands","1995","Medium","31.75"
"90","Solomon Islands","1990","Medium","35.822"
"90","Solomon Islands","1985","Medium","40.901"
"90","Solomon Islands","1980","Medium","47.989"
"90","Solomon Islands","1975","Medium","61.86"
"90","Solomon Islands","1970","Medium","87.536"
"706","Somalia","2015","Medium","115.067"
"706","Somalia","2010","Medium","131.204"
"706","Somalia","2005","Medium","146.976"
"706","Somalia","2000","Medium","160.593"
"706","Somalia","1995","Medium","176.168"
"706","Somalia","1990","Medium","221.751"
"706","Somalia","1985","Medium","210.472"
"706","Somalia","1980","Medium","219.009"
"706","Somalia","1975","Medium","234.943"
"706","Somalia","1970","Medium","253.003"
"710","South Africa","2015","Medium","35.451"
"710","South Africa","2010","Medium","43.218"
"710","South Africa","2005","Medium","67.092"
"710","South Africa","2000","Medium","77.45"
"710","South Africa","1995","Medium","66.439"
"710","South Africa","1990","Medium","57.39"
"710","South Africa","1985","Medium","64.231"
"710","South Africa","1980","Medium","80.643"
"710","South Africa","1975","Medium","104.524"
"710","South Africa","1970","Medium","135.282"
"728","South Sudan","2015","Medium","98.523"
"728","South Sudan","2010","Medium","100.183"
"728","South Sudan","2005","Medium","125.547"
"728","South Sudan","2000","Medium","164.817"
"728","South Sudan","1995","Medium","189.463"
"728","South Sudan","1990","Medium","219.317"
"728","South Sudan","1985","Medium","252.815"
"728","South Sudan","1980","Medium","275.875"
"728","South Sudan","1975","Medium","283.982"
"728","South Sudan","1970","Medium","304.17"
"724","Spain","2015","Medium","2.848"
"724","Spain","2010","Medium","3.481"
"724","Spain","2005","Medium","4.123"
"724","Spain","2000","Medium","4.953"
"724","Spain","1995","Medium","6.134"
"724","Spain","1990","Medium","8.158"
"724","Spain","1985","Medium","10.1"
"724","Spain","1980","Medium","12.886"
"724","Spain","1975","Medium","18.243"
"724","Spain","1970","Medium","26.226"
"144","Sri Lanka","2015","Medium","8.594"
"144","Sri Lanka","2010","Medium","10.062"
"144","Sri Lanka","2005","Medium","11.793"
"144","Sri Lanka","2000","Medium","13.84"
"144","Sri Lanka","1995","Medium","20.553"
"144","Sri Lanka","1990","Medium","25.637"
"144","Sri Lanka","1985","Medium","32.039"
"144","Sri Lanka","1980","Medium","40.293"
"144","Sri Lanka","1975","Medium","50.881"
"144","Sri Lanka","1970","Medium","64.931"
"275","State of Palestine","2015","Medium","20.369"
"275","State of Palestine","2010","Medium","22.623"
"275","State of Palestine","2005","Medium","24.801"
"275","State of Palestine","2000","Medium","28.159"
"275","State of Palestine","1995","Medium","32.843"
"275","State of Palestine","1990","Medium","39.981"
"275","State of Palestine","1985","Medium","51.179"
"275","State of Palestine","1980","Medium","68.504"
"275","State of Palestine","1975","Medium","92.807"
"275","State of Palestine","1970","Medium","116.348"
"729","Sudan","2015","Medium","63.961"
"729","Sudan","2010","Medium","71.631"
"729","Sudan","2005","Medium","82.258"
"729","Sudan","2000","Medium","96.946"
"729","Sudan","1995","Medium","112.786"
"729","Sudan","1990","Medium","129.666"
"729","Sudan","1985","Medium","137.181"
"729","Sudan","1980","Medium","142.453"
"729","Sudan","1975","Medium","146.007"
"729","Sudan","1970","Medium","153.575"
"740","Suriname","2015","Medium","19.564"
"740","Suriname","2010","Medium","22.666"
"740","Suriname","2005","Medium","26.671"
"740","Suriname","2000","Medium","31.665"
"740","Suriname","1995","Medium","37.551"
"740","Suriname","1990","Medium","44.252"
"740","Suriname","1985","Medium","50.894"
"740","Suriname","1980","Medium","57.022"
"740","Suriname","1975","Medium","63.496"
"740","Suriname","1970","Medium","70.118"
"752","Sweden","2015","Medium","2.464"
"752","Sweden","2010","Medium","2.896"
"752","Sweden","2005","Medium","3.242"
"752","Sweden","2000","Medium","3.922"
"752","Sweden","1995","Medium","4.292"
"752","Sweden","1990","Medium","6.032"
"752","Sweden","1985","Medium","7.287"
"752","Sweden","1980","Medium","7.897"
"752","Sweden","1975","Medium","9.307"
"752","Sweden","1970","Medium","12.006"
"756","Switzerland","2015","Medium","3.788"
"756","Switzerland","2010","Medium","4.399"
"756","Switzerland","2005","Medium","4.852"
"756","Switzerland","2000","Medium","5.492"
"756","Switzerland","1995","Medium","5.895"
"756","Switzerland","1990","Medium","7.494"
"756","Switzerland","1985","Medium","8.7"
"756","Switzerland","1980","Medium","9.78"
"756","Switzerland","1975","Medium","12.027"
"756","Switzerland","1970","Medium","16.859"
"760","Syrian Arab Republic","2015","Medium","17.772"
"760","Syrian Arab Republic","2010","Medium","20.677"
"760","Syrian Arab Republic","2005","Medium","17.31"
"760","Syrian Arab Republic","2000","Medium","20.884"
"760","Syrian Arab Republic","1995","Medium","25.187"
"760","Syrian Arab Republic","1990","Medium","31.673"
"760","Syrian Arab Republic","1985","Medium","41.489"
"760","Syrian Arab Republic","1980","Medium","55.022"
"760","Syrian Arab Republic","1975","Medium","73.862"
"760","Syrian Arab Republic","1970","Medium","98.464"
"762","Tajikistan","2015","Medium","32.27"
"762","Tajikistan","2010","Medium","37.872"
"762","Tajikistan","2005","Medium","48.955"
"762","Tajikistan","2000","Medium","74.67"
"762","Tajikistan","1995","Medium","106.815"
"762","Tajikistan","1990","Medium","115.641"
"762","Tajikistan","1985","Medium","109.287"
"762","Tajikistan","1980","Medium","130.164"
"762","Tajikistan","1975","Medium","135.701"
"762","Tajikistan","1970","Medium","151.807"
"764","Thailand","2015","Medium","8.997"
"764","Thailand","2010","Medium","11.734"
"764","Thailand","2005","Medium","15.597"
"764","Thailand","2000","Medium","19.613"
"764","Thailand","1995","Medium","24.595"
"764","Thailand","1990","Medium","31.27"
"764","Thailand","1985","Medium","41.505"
"764","Thailand","1980","Medium","53.057"
"764","Thailand","1975","Medium","66.757"
"764","Thailand","1970","Medium","85.639"
"626","Timor-Leste","2015","Medium","46.738"
"626","Timor-Leste","2010","Medium","56.683"
"626","Timor-Leste","2005","Medium","67.549"
"626","Timor-Leste","2000","Medium","92.064"
"626","Timor-Leste","1995","Medium","124.723"
"626","Timor-Leste","1990","Medium","173.761"
"626","Timor-Leste","1985","Medium","211.172"
"626","Timor-Leste","1980","Medium","274.496"
"626","Timor-Leste","1975","Medium","373.66"
"626","Timor-Leste","1970","Medium","274.242"
"768","Togo","2015","Medium","75.402"
"768","Togo","2010","Medium","84.422"
"768","Togo","2005","Medium","97.72"
"768","Togo","2000","Medium","123.631"
"768","Togo","1995","Medium","132.26"
"768","Togo","1990","Medium","141.899"
"768","Togo","1985","Medium","152.732"
"768","Togo","1980","Medium","166.749"
"768","Togo","1975","Medium","185.869"
"768","Togo","1970","Medium","208.319"
"776","Tonga","2015","Medium","15.65"
"776","Tonga","2010","Medium","17.186"
"776","Tonga","2005","Medium","16.768"
"776","Tonga","2000","Medium","16.762"
"776","Tonga","1995","Medium","18.174"
"776","Tonga","1990","Medium","20.266"
"776","Tonga","1985","Medium","23.993"
"776","Tonga","1980","Medium","27.31"
"776","Tonga","1975","Medium","32.817"
"776","Tonga","1970","Medium","42.481"
"780","Trinidad and Tobago","2015","Medium","25.913"
"780","Trinidad and Tobago","2010","Medium","29.559"
"780","Trinidad and Tobago","2005","Medium","32.425"
"780","Trinidad and Tobago","2000","Medium","32.832"
"780","Trinidad and Tobago","1995","Medium","32.524"
"780","Trinidad and Tobago","1990","Medium","32.39"
"780","Trinidad and Tobago","1985","Medium","33.735"
"780","Trinidad and Tobago","1980","Medium","37.32"
"780","Trinidad and Tobago","1975","Medium","42.856"
"780","Trinidad and Tobago","1970","Medium","48.615"
"788","Tunisia","2015","Medium","13.453"
"788","Tunisia","2010","Medium","15.37"
"788","Tunisia","2005","Medium","19.581"
"788","Tunisia","2000","Medium","25.563"
"788","Tunisia","1995","Medium","32.991"
"788","Tunisia","1990","Medium","40.553"
"788","Tunisia","1985","Medium","56.943"
"788","Tunisia","1980","Medium","76.793"
"788","Tunisia","1975","Medium","115.518"
"788","Tunisia","1970","Medium","164.05"
"792","Turkey","2015","Medium","13.252"
"792","Turkey","2010","Medium","17.446"
"792","Turkey","2005","Medium","22.997"
"792","Turkey","2000","Medium","34.033"
"792","Turkey","1995","Medium","49.774"
"792","Turkey","1990","Medium","72.685"
"792","Turkey","1985","Medium","93.136"
"792","Turkey","1980","Medium","118.037"
"792","Turkey","1975","Medium","147.847"
"792","Turkey","1970","Medium","182.977"
"795","Turkmenistan","2015","Medium","51.428"
"795","Turkmenistan","2010","Medium","55.827"
"795","Turkmenistan","2005","Medium","65.276"
"795","Turkmenistan","2000","Medium","75.966"
"795","Turkmenistan","1995","Medium","83.614"
"795","Turkmenistan","1990","Medium","95.576"
"795","Turkmenistan","1985","Medium","99.953"
"795","Turkmenistan","1980","Medium","111.19"
"795","Turkmenistan","1975","Medium","123.361"
"795","Turkmenistan","1970","Medium","134.442"
"800","Uganda","2015","Medium","62.798"
"800","Uganda","2010","Medium","81.928"
"800","Uganda","2005","Medium","104.262"
"800","Uganda","2000","Medium","123.476"
"800","Uganda","1995","Medium","152.69"
"800","Uganda","1990","Medium","171.191"
"800","Uganda","1985","Medium","184.016"
"800","Uganda","1980","Medium","184.354"
"800","Uganda","1975","Medium","184.663"
"800","Uganda","1970","Medium","186.359"
"804","Ukraine","2015","Medium","8.574"
"804","Ukraine","2010","Medium","10.391"
"804","Ukraine","2005","Medium","15.1"
"804","Ukraine","2000","Medium","18.135"
"804","Ukraine","1995","Medium","20.666"
"804","Ukraine","1990","Medium","21.021"
"804","Ukraine","1985","Medium","22.203"
"804","Ukraine","1980","Medium","25.088"
"804","Ukraine","1975","Medium","28.798"
"804","Ukraine","1970","Medium","26.45"
"784","United Arab Emirates","2015","Medium","6.43"
"784","United Arab Emirates","2010","Medium","7.575"
"784","United Arab Emirates","2005","Medium","8.987"
"784","United Arab Emirates","2000","Medium","10.466"
"784","United Arab Emirates","1995","Medium","12.141"
"784","United Arab Emirates","1990","Medium","14.721"
"784","United Arab Emirates","1985","Medium","19.452"
"784","United Arab Emirates","1980","Medium","28.354"
"784","United Arab Emirates","1975","Medium","46.538"
"784","United Arab Emirates","1970","Medium","77.747"
"826","United Kingdom","2015","Medium","4.388"
"826","United Kingdom","2010","Medium","4.729"
"826","United Kingdom","2005","Medium","5.656"
"826","United Kingdom","2000","Medium","6.215"
"826","United Kingdom","1995","Medium","6.914"
"826","United Kingdom","1990","Medium","7.992"
"826","United Kingdom","1985","Medium","10.627"
"826","United Kingdom","1980","Medium","12.388"
"826","United Kingdom","1975","Medium","16.067"
"826","United Kingdom","1970","Medium","19.789"
"834","United Republic of Tanzania","2015","Medium","56.534"
"834","United Republic of Tanzania","2010","Medium","65.645"
"834","United Republic of Tanzania","2005","Medium","80.343"
"834","United Republic of Tanzania","2000","Medium","105.493"
"834","United Republic of Tanzania","1995","Medium","145.522"
"834","United Republic of Tanzania","1990","Medium","164.059"
"834","United Republic of Tanzania","1985","Medium","170.925"
"834","United Republic of Tanzania","1980","Medium","178.706"
"834","United Republic of Tanzania","1975","Medium","186.062"
"834","United Republic of Tanzania","1970","Medium","203.685"
"840","United States of America","2015","Medium","6.841"
"840","United States of America","2010","Medium","6.973"
"840","United States of America","2005","Medium","7.924"
"840","United States of America","2000","Medium","8.244"
"840","United States of America","1995","Medium","8.863"
"840","United States of America","1990","Medium","10.437"
"840","United States of America","1985","Medium","12.295"
"840","United States of America","1980","Medium","13.674"
"840","United States of America","1975","Medium","16.717"
"840","United States of America","1970","Medium","20.91"
"850","United States Virgin Islands","2015","Medium","9.432"
"850","United States Virgin Islands","2010","Medium","10.376"
"850","United States Virgin Islands","2005","Medium","12.345"
"850","United States Virgin Islands","2000","Medium","13.466"
"850","United States Virgin Islands","1995","Medium","15.243"
"850","United States Virgin Islands","1990","Medium","17.82"
"850","United States Virgin Islands","1985","Medium","21.078"
"850","United States Virgin Islands","1980","Medium","25.425"
"850","United States Virgin Islands","1975","Medium","29.682"
"850","United States Virgin Islands","1970","Medium","35.732"
"858","Uruguay","2015","Medium","10.346"
"858","Uruguay","2010","Medium","11.894"
"858","Uruguay","2005","Medium","13.359"
"858","Uruguay","2000","Medium","17.336"
"858","Uruguay","1995","Medium","18.437"
"858","Uruguay","1990","Medium","23.091"
"858","Uruguay","1985","Medium","26.044"
"858","Uruguay","1980","Medium","37.324"
"858","Uruguay","1975","Medium","47.403"
"858","Uruguay","1970","Medium","51.649"
"860","Uzbekistan","2015","Medium","25.62"
"860","Uzbekistan","2010","Medium","33.87"
"860","Uzbekistan","2005","Medium","47.868"
"860","Uzbekistan","2000","Medium","58.917"
"860","Uzbekistan","1995","Medium","68.845"
"860","Uzbekistan","1990","Medium","74.123"
"860","Uzbekistan","1985","Medium","85.2"
"860","Uzbekistan","1980","Medium","97.507"
"860","Uzbekistan","1975","Medium","105.543"
"860","Uzbekistan","1970","Medium","112.939"
"548","Vanuatu","2015","Medium","26.652"
"548","Vanuatu","2010","Medium","29.086"
"548","Vanuatu","2005","Medium","28.709"
"548","Vanuatu","2000","Medium","28.285"
"548","Vanuatu","1995","Medium","30.365"
"548","Vanuatu","1990","Medium","32.618"
"548","Vanuatu","1985","Medium","40.989"
"548","Vanuatu","1980","Medium","57.873"
"548","Vanuatu","1975","Medium","78.701"
"548","Vanuatu","1970","Medium","97.771"
"862","Venezuela (Bolivarian Republic of)","2015","Medium","30.854"
"862","Venezuela (Bolivarian Republic of)","2010","Medium","17.468"
"862","Venezuela (Bolivarian Republic of)","2005","Medium","17.214"
"862","Venezuela (Bolivarian Republic of)","2000","Medium","20.086"
"862","Venezuela (Bolivarian Republic of)","1995","Medium","24.109"
"862","Venezuela (Bolivarian Republic of)","1990","Medium","27.515"
"862","Venezuela (Bolivarian Republic of)","1985","Medium","32.964"
"862","Venezuela (Bolivarian Republic of)","1980","Medium","39.762"
"862","Venezuela (Bolivarian Republic of)","1975","Medium","49.289"
"862","Venezuela (Bolivarian Republic of)","1970","Medium","62.324"
"704","Viet Nam","2015","Medium","20.937"
"704","Viet Nam","2010","Medium","22.406"
"704","Viet Nam","2005","Medium","23.762"
"704","Viet Nam","2000","Medium","29.761"
"704","Viet Nam","1995","Medium","35.89"
"704","Viet Nam","1990","Medium","44.939"
"704","Viet Nam","1985","Medium","51.153"
"704","Viet Nam","1980","Medium","58.802"
"704","Viet Nam","1975","Medium","66.643"
"704","Viet Nam","1970","Medium","80.153"
"732","Western Sahara","2015","Medium","34.736"
"732","Western Sahara","2010","Medium","41.926"
"732","Western Sahara","2005","Medium","54.528"
"732","Western Sahara","2000","Medium","69.774"
"732","Western Sahara","1995","Medium","87.812"
"732","Western Sahara","1990","Medium","105.788"
"732","Western Sahara","1985","Medium","124.703"
"732","Western Sahara","1980","Medium","159.738"
"732","Western Sahara","1975","Medium","198.958"
"732","Western Sahara","1970","Medium","239.207"
"887","Yemen","2015","Medium","55.432"
"887","Yemen","2010","Medium","55.504"
"887","Yemen","2005","Medium","63.528"
"887","Yemen","2000","Medium","83.681"
"887","Yemen","1995","Medium","104.617"
"887","Yemen","1990","Medium","118.256"
"887","Yemen","1985","Medium","138.243"
"887","Yemen","1980","Medium","178.51"
"887","Yemen","1975","Medium","238.347"
"887","Yemen","1970","Medium","296.793"
"894","Zambia","2015","Medium","60.719"
"894","Zambia","2010","Medium","73.286"
"894","Zambia","2005","Medium","95.692"
"894","Zambia","2000","Medium","138.498"
"894","Zambia","1995","Medium","175.568"
"894","Zambia","1990","Medium","185.069"
"894","Zambia","1985","Medium","178.449"
"894","Zambia","1980","Medium","161.281"
"894","Zambia","1975","Medium","155.377"
"894","Zambia","1970","Medium","168.174"
"716","Zimbabwe","2015","Medium","51.246"
"716","Zimbabwe","2010","Medium","70.933"
"716","Zimbabwe","2005","Medium","96.286"
"716","Zimbabwe","2000","Medium","99.861"
"716","Zimbabwe","1995","Medium","101.73"
"716","Zimbabwe","1990","Medium","87.125"
"716","Zimbabwe","1985","Medium","76.534"
"716","Zimbabwe","1980","Medium","93.084"
"716","Zimbabwe","1975","Medium","109.176"
"716","Zimbabwe","1970","Medium","111.207"

